Cat123,VernacularNameCategory,ScientificName,Phylum,Class,Condition,Temperature,Salinity,Ocean,FishCouncilRegion,Locality,Date2015,ObservationTime,Coordinates,DepthInMeters,EventID,VehicleName,ImageURL
1042822,glass sponge,Hexactinellida,Porifera,Hexactinellida,Live,2.3,34.9,North Atlantic,Caribbean,Puerto Rico Trench | Arecibo Amphitheater (Guajataca Canyon),4/10/15,14:47:59,"18.86003,-66.81103",4062,EX1502L3_Dive 01,Deep Discoverer ROV,https://deepseacoraldata.noaa.gov/db-images/1042822.jpg
1042823,glass sponge,Hexactinellida,Porifera,Hexactinellida,Live,2.3,34.9,North Atlantic,Caribbean,Puerto Rico Trench | Arecibo Amphitheater (Guajataca Canyon),4/10/15,14:56:44,"18.86003,-66.81104",4062,EX1502L3_Dive 01,Deep Discoverer ROV,https://deepseacoraldata.noaa.gov/db-images/1042823.jpg
1042824,glass sponge,Hexactinellida,Porifera,Hexactinellida,Live,2.3,34.9,North Atlantic,Caribbean,Puerto Rico Trench | Arecibo Amphitheater (Guajataca Canyon),4/10/15,15:32:37,"18.86003,-66.81105",4042,EX1502L3_Dive 01,Deep Discoverer ROV,https://deepseacoraldata.noaa.gov/db-images/1042824.jpg
1042825,glass sponge,Hexactinellida,Porifera,Hexactinellida,Live,2.3,34.9,North Atlantic,Caribbean,Puerto Rico Trench | Arecibo Amphitheater (Guajataca Canyon),4/10/15,15:38:18,"18.86003,-66.81106",4036,EX1502L3_Dive 01,Deep Discoverer ROV,https://deepseacoraldata.noaa.gov/db-images/1042825.jpg
1042826,gorgonian coral,Keratoisididae,Cnidaria,Anthozoa,Live,2.3,34.9,North Atlantic,Caribbean,Puerto Rico Trench | Arecibo Amphitheater (Guajataca Canyon),4/10/15,16:10:42,"18.86003,-66.81107",4002,EX1502L3_Dive 01,Deep Discoverer ROV,https://deepseacoraldata.noaa.gov/db-images/1042826.jpg
1042827,glass sponge,Hexactinellida,Porifera,Hexactinellida,Live,2.3,34.9,North Atlantic,Caribbean,Puerto Rico Trench | Arecibo Amphitheater (Guajataca Canyon),4/10/15,16:13:31,"18.86003,-66.81108",4002,EX1502L3_Dive 01,Deep Discoverer ROV,https://deepseacoraldata.noaa.gov/db-images/1042827.jpg
1042828,glass sponge,Hyalonematidae,Porifera,Hexactinellida,Live,2.3,34.9,North Atlantic,Caribbean,Puerto Rico Trench | Arecibo Amphitheater (Guajataca Canyon),4/10/15,16:13:31,"18.86003,-66.81109",4002,EX1502L3_Dive 01,Deep Discoverer ROV,https://deepseacoraldata.noaa.gov/db-images/1042828.jpg
1042829,gorgonian coral,Keratoisididae,Cnidaria,Anthozoa,Live,2.3,34.9,North Atlantic,Caribbean,Puerto Rico Trench | Arecibo Amphitheater (Guajataca Canyon),4/10/15,16:47:24,"18.86003,-66.81110",3920,EX1502L3_Dive 01,Deep Discoverer ROV,https://deepseacoraldata.noaa.gov/db-images/1042829.jpg
1042830,glass sponge,Hexactinellida,Porifera,Hexactinellida,Live,2.3,34.9,North Atlantic,Caribbean,Puerto Rico Trench | Arecibo Amphitheater (Guajataca Canyon),4/10/15,17:11:26,"18.86003,-66.81111",3905,EX1502L3_Dive 01,Deep Discoverer ROV,https://deepseacoraldata.noaa.gov/db-images/1042830.jpg
1042831,glass sponge,Hexactinellida,Porifera,Hexactinellida,Live,2.4,34.9,North Atlantic,Caribbean,Puerto Rico Trench | Arecibo Amphitheater (Guajataca Canyon),4/10/15,17:25:21,"18.86003,-66.81112",3801,EX1502L3_Dive 01,Deep Discoverer ROV,https://deepseacoraldata.noaa.gov/db-images/1042831.jpg
1042832,gorgonian coral,Keratoisididae,Cnidaria,Anthozoa,Live,2.4,34.9,North Atlantic,Caribbean,Puerto Rico Trench | Arecibo Amphitheater (Guajataca Canyon),4/10/15,17:26:24,"18.86003,-66.81113",3800,EX1502L3_Dive 01,Deep Discoverer ROV,https://deepseacoraldata.noaa.gov/db-images/1042832.jpg
1042833,glass sponge,Hexactinellida,Porifera,Hexactinellida,Live,2.4,34.9,North Atlantic,Caribbean,Puerto Rico Trench | Arecibo Amphitheater (Guajataca Canyon),4/10/15,17:48:37,"18.86003,-66.81114",3783,EX1502L3_Dive 01,Deep Discoverer ROV,https://deepseacoraldata.noaa.gov/db-images/1042833.jpg
1042834,glass sponge,Hyalonematidae,Porifera,Hexactinellida,Live,2.4,34.9,North Atlantic,Caribbean,Puerto Rico Trench | Arecibo Amphitheater (Guajataca Canyon),4/10/15,17:49:24,"18.86003,-66.81115",3783,EX1502L3_Dive 01,Deep Discoverer ROV,https://deepseacoraldata.noaa.gov/db-images/1042834.jpg
1042835,gorgonian coral,Keratoisididae,Cnidaria,Anthozoa,Live,2.4,34.9,North Atlantic,Caribbean,Puerto Rico Trench | Arecibo Amphitheater (Guajataca Canyon),4/10/15,18:04:17,"18.86003,-66.81116",3749,EX1502L3_Dive 01,Deep Discoverer ROV,https://deepseacoraldata.noaa.gov/db-images/1042835.jpg
1042836,glass sponge,Hyalonematidae,Porifera,Hexactinellida,Live,2.4,34.9,North Atlantic,Caribbean,Puerto Rico Trench | Arecibo Amphitheater (Guajataca Canyon),4/10/15,18:22:15,"18.86003,-66.81117",3698,EX1502L3_Dive 01,Deep Discoverer ROV,https://deepseacoraldata.noaa.gov/db-images/1042836.jpg
1042837,glass sponge,Hyalonematidae,Porifera,Hexactinellida,Live,2.4,34.9,North Atlantic,Caribbean,Puerto Rico Trench | Arecibo Amphitheater (Guajataca Canyon),4/10/15,18:57:16,"18.86003,-66.81118",3585,EX1502L3_Dive 01,Deep Discoverer ROV,https://deepseacoraldata.noaa.gov/db-images/1042837.jpg
1042838,gorgonian coral,Keratoisididae,Cnidaria,Anthozoa,Live,2.5,34.9,North Atlantic,Caribbean,Puerto Rico Trench | Arecibo Amphitheater (Guajataca Canyon),4/10/15,19:31:28,"18.86003,-66.81119",3523,EX1502L3_Dive 01,Deep Discoverer ROV,https://deepseacoraldata.noaa.gov/db-images/1042838.jpg
1042839,glass sponge,Hyalonematidae,Porifera,Hexactinellida,Live,2.5,34.9,North Atlantic,Caribbean,Puerto Rico Trench | Arecibo Amphitheater (Guajataca Canyon),4/10/15,19:51:57,"18.86003,-66.81120",3489,EX1502L3_Dive 01,Deep Discoverer ROV,https://deepseacoraldata.noaa.gov/db-images/1042839.jpg
1042840,glass sponge,Hexactinellida,Porifera,Hexactinellida,Live,2.5,34.9,North Atlantic,Caribbean,Puerto Rico Trench | Arecibo Amphitheater (Guajataca Canyon),4/10/15,20:12:15,"18.86003,-66.81121",3452,EX1502L3_Dive 01,Deep Discoverer ROV,https://deepseacoraldata.noaa.gov/db-images/1042840.jpg
1042841,demosponge,Asbestopluma,Porifera,Demospongiae,Live,2.7,34.9,North Atlantic,Caribbean,Septentrional Fault,4/11/15,18:21:32,"18.86003,-66.81122",3534,EX1502L3_Dive 02,Deep Discoverer ROV,https://deepseacoraldata.noaa.gov/db-images/1042841.jpg
1042842,glass sponge,Hexactinellida,Porifera,Hexactinellida,Live,2.7,34.9,North Atlantic,Caribbean,Septentrional Fault,4/11/15,18:28:53,"18.86003,-66.81123",3514,EX1502L3_Dive 02,Deep Discoverer ROV,https://deepseacoraldata.noaa.gov/db-images/1042842.jpg
1042843,demosponge,Demospongiae,Porifera,Demospongiae,Live,2.7,34.9,North Atlantic,Caribbean,Septentrional Fault,4/11/15,18:33:32,"18.86003,-66.81124",3398,EX1502L3_Dive 02,Deep Discoverer ROV,https://deepseacoraldata.noaa.gov/db-images/1042843.jpg
1042844,glass sponge,Hexactinellida,Porifera,Hexactinellida,Live,2.7,34.9,North Atlantic,Caribbean,Septentrional Fault,4/11/15,19:07:24,"18.86003,-66.81125",3391,EX1502L3_Dive 02,Deep Discoverer ROV,https://deepseacoraldata.noaa.gov/db-images/1042844.jpg
1042845,glass sponge,Hexactinellida,Porifera,Hexactinellida,Live,2.7,34.9,North Atlantic,Caribbean,Septentrional Fault,4/11/15,19:11:49,"18.86003,-66.81126",3376,EX1502L3_Dive 02,Deep Discoverer ROV,https://deepseacoraldata.noaa.gov/db-images/1042845.jpg
1042846,demosponge,Demospongiae,Porifera,Demospongiae,Live,2.7,34.9,North Atlantic,Caribbean,Septentrional Fault,4/11/15,19:15:10,"18.86003,-66.81127",3369,EX1502L3_Dive 02,Deep Discoverer ROV,https://deepseacoraldata.noaa.gov/db-images/1042846.jpg
1042847,glass sponge,Hexactinellida,Porifera,Hexactinellida,Live,2.7,34.9,North Atlantic,Caribbean,Septentrional Fault,4/11/15,19:15:56,"18.86003,-66.81128",3302,EX1502L3_Dive 02,Deep Discoverer ROV,https://deepseacoraldata.noaa.gov/db-images/1042847.jpg
1042848,glass sponge,Hexactinellida,Porifera,Hexactinellida,Live,2.7,34.9,North Atlantic,Caribbean,Septentrional Fault,4/11/15,19:32:18,"18.86003,-66.81129",3191,EX1502L3_Dive 02,Deep Discoverer ROV,https://deepseacoraldata.noaa.gov/db-images/1042848.jpg
1042849,sponge (unspecified),Porifera,Porifera,NA,Live,2.7,34.9,North Atlantic,Caribbean,Septentrional Fault,4/11/15,20:05:34,"18.86003,-66.81130",3172,EX1502L3_Dive 02,Deep Discoverer ROV,https://deepseacoraldata.noaa.gov/db-images/1042849.jpg
1042850,gorgonian coral,Keratoisididae,Cnidaria,Anthozoa,Live,2.7,34.9,North Atlantic,Caribbean,Septentrional Fault,4/11/15,20:12:24,"18.86003,-66.81131",3172,EX1502L3_Dive 02,Deep Discoverer ROV,https://deepseacoraldata.noaa.gov/db-images/1042850.jpg
1042851,glass sponge,Hexactinellida,Porifera,Hexactinellida,Live,13.6,35.8,North Atlantic,Caribbean,West of Desecheo Island | Pichincho,4/12/15,11:56:44,"18.86003,-66.81132",607,EX1502L3_Dive 03,Deep Discoverer ROV,https://deepseacoraldata.noaa.gov/db-images/1042851.jpg
1042852,demosponge,Demospongiae,Porifera,Demospongiae,Live,13.7,35.8,North Atlantic,Caribbean,West of Desecheo Island | Pichincho,4/12/15,12:05:11,"18.86003,-66.81133",607,EX1502L3_Dive 03,Deep Discoverer ROV,https://deepseacoraldata.noaa.gov/db-images/1042852.jpg
1042853,glass sponge,Hexactinellida,Porifera,Hexactinellida,Live,13.7,35.8,North Atlantic,Caribbean,West of Desecheo Island | Pichincho,4/12/15,12:26:20,"18.86003,-66.81134",607,EX1502L3_Dive 03,Deep Discoverer ROV,https://deepseacoraldata.noaa.gov/db-images/1042853.jpg
1042854,glass sponge,Hexactinellida,Porifera,Hexactinellida,Live,13.7,35.8,North Atlantic,Caribbean,West of Desecheo Island | Pichincho,4/12/15,12:38:45,"18.86003,-66.81135",606,EX1502L3_Dive 03,Deep Discoverer ROV,https://deepseacoraldata.noaa.gov/db-images/1042854.jpg
1042855,demosponge,Demospongiae,Porifera,Demospongiae,Live,13.7,35.8,North Atlantic,Caribbean,West of Desecheo Island | Pichincho,4/12/15,12:38:45,"18.86003,-66.81136",606,EX1502L3_Dive 03,Deep Discoverer ROV,https://deepseacoraldata.noaa.gov/db-images/1042855.jpg
1042856,demosponge,Demospongiae,Porifera,Demospongiae,Live,13.7,35.8,North Atlantic,Caribbean,West of Desecheo Island | Pichincho,4/12/15,12:38:45,"18.86003,-66.81137",606,EX1502L3_Dive 03,Deep Discoverer ROV,https://deepseacoraldata.noaa.gov/db-images/1042856.jpg
1042857,demosponge,Demospongiae,Porifera,Demospongiae,Damaged,13.7,35.8,North Atlantic,Caribbean,West of Desecheo Island | Pichincho,4/12/15,13:10:37,"18.86003,-66.81138",602,EX1502L3_Dive 03,Deep Discoverer ROV,https://deepseacoraldata.noaa.gov/db-images/1042857.jpg
1042858,glass sponge,Hexactinellida,Porifera,Hexactinellida,Live,13.7,35.8,North Atlantic,Caribbean,West of Desecheo Island | Pichincho,4/12/15,13:11:58,"18.86003,-66.81139",602,EX1502L3_Dive 03,Deep Discoverer ROV,https://deepseacoraldata.noaa.gov/db-images/1042858.jpg
1042859,demosponge,Demospongiae,Porifera,Demospongiae,Live,13.7,35.8,North Atlantic,Caribbean,West of Desecheo Island | Pichincho,4/12/15,13:12:32,"18.86003,-66.81140",602,EX1502L3_Dive 03,Deep Discoverer ROV,https://deepseacoraldata.noaa.gov/db-images/1042859.jpg
1042860,demosponge,Demospongiae,Porifera,Demospongiae,Dead,13.7,35.8,North Atlantic,Caribbean,West of Desecheo Island | Pichincho,4/12/15,13:12:32,"18.86003,-66.81141",602,EX1502L3_Dive 03,Deep Discoverer ROV,https://deepseacoraldata.noaa.gov/db-images/1042860.jpg
1042861,glass sponge,Hexactinellida,Porifera,Hexactinellida,Live,13.7,35.8,North Atlantic,Caribbean,West of Desecheo Island | Pichincho,4/12/15,13:12:32,"18.86003,-66.81142",602,EX1502L3_Dive 03,Deep Discoverer ROV,https://deepseacoraldata.noaa.gov/db-images/1042861.jpg
1042862,glass sponge,Hexactinellida,Porifera,Hexactinellida,Live,13.7,35.8,North Atlantic,Caribbean,West of Desecheo Island | Pichincho,4/12/15,13:13:27,"18.86003,-66.81143",602,EX1502L3_Dive 03,Deep Discoverer ROV,https://deepseacoraldata.noaa.gov/db-images/1042862.jpg
1042863,demosponge,Demospongiae,Porifera,Demospongiae,Live,13.7,35.8,North Atlantic,Caribbean,West of Desecheo Island | Pichincho,4/12/15,13:20:42,"18.86003,-66.81144",603,EX1502L3_Dive 03,Deep Discoverer ROV,https://deepseacoraldata.noaa.gov/db-images/1042863.jpg
1042864,demosponge,Demospongiae,Porifera,Demospongiae,Live,13.7,35.8,North Atlantic,Caribbean,West of Desecheo Island | Pichincho,4/12/15,13:24:35,"18.86003,-66.81145",602,EX1502L3_Dive 03,Deep Discoverer ROV,https://deepseacoraldata.noaa.gov/db-images/1042864.jpg
1042865,glass sponge,Hexactinellida,Porifera,Hexactinellida,Live,13.7,35.8,North Atlantic,Caribbean,West of Desecheo Island | Pichincho,4/12/15,13:24:35,"18.86003,-66.81146",602,EX1502L3_Dive 03,Deep Discoverer ROV,https://deepseacoraldata.noaa.gov/db-images/1042865.jpg
1042866,glass sponge,Hexactinellida,Porifera,Hexactinellida,Live,13.5,35.8,North Atlantic,Caribbean,West of Desecheo Island | Pichincho,4/12/15,13:33:01,"18.86003,-66.81147",602,EX1502L3_Dive 03,Deep Discoverer ROV,https://deepseacoraldata.noaa.gov/db-images/1042866.jpg
1042867,glass sponge,Hexactinellida,Porifera,Hexactinellida,Live,13.5,35.8,North Atlantic,Caribbean,West of Desecheo Island | Pichincho,4/12/15,13:39:08,"18.86003,-66.81148",602,EX1502L3_Dive 03,Deep Discoverer ROV,https://deepseacoraldata.noaa.gov/db-images/1042867.jpg
1042868,demosponge,Demospongiae,Porifera,Demospongiae,Live,13.5,35.8,North Atlantic,Caribbean,West of Desecheo Island | Pichincho,4/12/15,13:39:08,"18.86003,-66.81149",602,EX1502L3_Dive 03,Deep Discoverer ROV,https://deepseacoraldata.noaa.gov/db-images/1042868.jpg
1042869,glass sponge,Hexactinellida,Porifera,Hexactinellida,Live,13.5,35.8,North Atlantic,Caribbean,West of Desecheo Island | Pichincho,4/12/15,13:46:15,"18.86003,-66.81150",601,EX1502L3_Dive 03,Deep Discoverer ROV,https://deepseacoraldata.noaa.gov/db-images/1042869.jpg
1042870,glass sponge,Hexactinellida,Porifera,Hexactinellida,Live,13.5,35.8,North Atlantic,Caribbean,West of Desecheo Island | Pichincho,4/12/15,14:16:40,"18.86003,-66.81151",593,EX1502L3_Dive 03,Deep Discoverer ROV,https://deepseacoraldata.noaa.gov/db-images/1042870.jpg
1042871,demosponge,Demospongiae,Porifera,Demospongiae,Live,13.5,35.8,North Atlantic,Caribbean,West of Desecheo Island | Pichincho,4/12/15,14:20:30,"18.86003,-66.81152",595,EX1502L3_Dive 03,Deep Discoverer ROV,https://deepseacoraldata.noaa.gov/db-images/1042871.jpg
1042872,glass sponge,Hexactinellida,Porifera,Hexactinellida,Live,13.5,35.8,North Atlantic,Caribbean,West of Desecheo Island | Pichincho,4/12/15,14:22:29,"18.86003,-66.81153",597,EX1502L3_Dive 03,Deep Discoverer ROV,https://deepseacoraldata.noaa.gov/db-images/1042872.jpg
1042873,glass sponge,Hexactinellida,Porifera,Hexactinellida,Damaged,13.5,35.8,North Atlantic,Caribbean,West of Desecheo Island | Pichincho,4/12/15,14:22:29,"18.86003,-66.81154",597,EX1502L3_Dive 03,Deep Discoverer ROV,https://deepseacoraldata.noaa.gov/db-images/1042873.jpg
1042874,demosponge,Demospongiae,Porifera,Demospongiae,Live,13.5,35.8,North Atlantic,Caribbean,West of Desecheo Island | Pichincho,4/12/15,14:22:29,"18.86003,-66.81155",597,EX1502L3_Dive 03,Deep Discoverer ROV,https://deepseacoraldata.noaa.gov/db-images/1042874.jpg
1042875,demosponge,Demospongiae,Porifera,Demospongiae,Live,13.5,35.8,North Atlantic,Caribbean,West of Desecheo Island | Pichincho,4/12/15,14:22:29,"18.86003,-66.81156",597,EX1502L3_Dive 03,Deep Discoverer ROV,https://deepseacoraldata.noaa.gov/db-images/1042875.jpg
1042876,glass sponge,Hexactinellida,Porifera,Hexactinellida,Live,13.5,35.8,North Atlantic,Caribbean,West of Desecheo Island | Pichincho,4/12/15,14:22:29,"18.86003,-66.81157",597,EX1502L3_Dive 03,Deep Discoverer ROV,https://deepseacoraldata.noaa.gov/db-images/1042876.jpg
1042877,glass sponge,Hexactinellida,Porifera,Hexactinellida,Live,13.5,35.8,North Atlantic,Caribbean,West of Desecheo Island | Pichincho,4/12/15,14:27:05,"18.86003,-66.81158",588,EX1502L3_Dive 03,Deep Discoverer ROV,https://deepseacoraldata.noaa.gov/db-images/1042877.jpg
1042878,glass sponge,Hexactinellida,Porifera,Hexactinellida,Live,13.6,35.8,North Atlantic,Caribbean,West of Desecheo Island | Pichincho,4/12/15,14:34:54,"18.86003,-66.81159",585,EX1502L3_Dive 03,Deep Discoverer ROV,https://deepseacoraldata.noaa.gov/db-images/1042878.jpg
1042879,demosponge,Demospongiae,Porifera,Demospongiae,Live,13.6,35.8,North Atlantic,Caribbean,West of Desecheo Island | Pichincho,4/12/15,14:34:54,"18.86003,-66.81160",585,EX1502L3_Dive 03,Deep Discoverer ROV,https://deepseacoraldata.noaa.gov/db-images/1042879.jpg
1042880,glass sponge,Hexactinellida,Porifera,Hexactinellida,Live,13.6,35.8,North Atlantic,Caribbean,West of Desecheo Island | Pichincho,4/12/15,14:48:55,"18.86003,-66.81161",582,EX1502L3_Dive 03,Deep Discoverer ROV,https://deepseacoraldata.noaa.gov/db-images/1042880.jpg
1042881,demosponge,Demospongiae,Porifera,Demospongiae,Live,13.6,35.8,North Atlantic,Caribbean,West of Desecheo Island | Pichincho,4/12/15,14:48:55,"18.86003,-66.81162",582,EX1502L3_Dive 03,Deep Discoverer ROV,https://deepseacoraldata.noaa.gov/db-images/1042881.jpg
1042882,demosponge,Demospongiae,Porifera,Demospongiae,Live,13.6,35.8,North Atlantic,Caribbean,West of Desecheo Island | Pichincho,4/12/15,14:48:55,"18.86003,-66.81163",582,EX1502L3_Dive 03,Deep Discoverer ROV,https://deepseacoraldata.noaa.gov/db-images/1042882.jpg
1042883,glass sponge,Hexactinellida,Porifera,Hexactinellida,Live,14,35.9,North Atlantic,Caribbean,West of Desecheo Island | Pichincho,4/12/15,15:09:27,"18.86003,-66.81164",530,EX1502L3_Dive 03,Deep Discoverer ROV,https://deepseacoraldata.noaa.gov/db-images/1042883.jpg
1042884,lace coral,Stylasteridae,Cnidaria,Hydrozoa,Live,13.9,35.8,North Atlantic,Caribbean,West of Desecheo Island | Pichincho,4/12/15,15:18:21,"18.86003,-66.81165",528,EX1502L3_Dive 03,Deep Discoverer ROV,https://deepseacoraldata.noaa.gov/db-images/1042884.jpg
1042885,glass sponge,Hexactinellida,Porifera,Hexactinellida,Live,13.9,35.8,North Atlantic,Caribbean,West of Desecheo Island | Pichincho,4/12/15,15:18:21,"18.86003,-66.81166",528,EX1502L3_Dive 03,Deep Discoverer ROV,https://deepseacoraldata.noaa.gov/db-images/1042885.jpg
1042886,gorgonian coral,Primnoidae,Cnidaria,Anthozoa,Live,14.1,35.9,North Atlantic,Caribbean,West of Desecheo Island | Pichincho,4/12/15,16:06:53,"18.86003,-66.81167",501,EX1502L3_Dive 03,Deep Discoverer ROV,https://deepseacoraldata.noaa.gov/db-images/1042886.jpg
1042887,black coral,Stichopathes,Cnidaria,Anthozoa,Live,14.1,35.9,North Atlantic,Caribbean,West of Desecheo Island | Pichincho,4/12/15,16:14:37,"18.86003,-66.81168",498,EX1502L3_Dive 03,Deep Discoverer ROV,https://deepseacoraldata.noaa.gov/db-images/1042887.jpg
1042888,demosponge,Demospongiae,Porifera,Demospongiae,Live,14.1,35.9,North Atlantic,Caribbean,West of Desecheo Island | Pichincho,4/12/15,16:14:37,"18.86003,-66.81169",498,EX1502L3_Dive 03,Deep Discoverer ROV,https://deepseacoraldata.noaa.gov/db-images/1042888.jpg
1042889,gorgonian coral,Chrysogorgia,Cnidaria,Anthozoa,Live,14.1,35.9,North Atlantic,Caribbean,West of Desecheo Island | Pichincho,4/12/15,17:03:30,"18.86003,-66.81170",491,EX1502L3_Dive 03,Deep Discoverer ROV,https://deepseacoraldata.noaa.gov/db-images/1042889.jpg
1042890,black coral,Antipatharia,Cnidaria,Anthozoa,Live,14.1,35.9,North Atlantic,Caribbean,West of Desecheo Island | Pichincho,4/12/15,17:04:54,"18.86003,-66.81171",491,EX1502L3_Dive 03,Deep Discoverer ROV,https://deepseacoraldata.noaa.gov/db-images/1042890.jpg
1042891,gorgonian coral,Plumarella,Cnidaria,Anthozoa,Live,14.3,35.9,North Atlantic,Caribbean,West of Desecheo Island | Pichincho,4/12/15,17:41:55,"18.86003,-66.81172",474,EX1502L3_Dive 03,Deep Discoverer ROV,https://deepseacoraldata.noaa.gov/db-images/1042891.jpg
1042892,demosponge,Demospongiae,Porifera,Demospongiae,Live,15.6,36.1,North Atlantic,Caribbean,West of Desecheo Island | Pichincho,4/12/15,19:20:41,"18.86003,-66.81173",336,EX1502L3_Dive 03,Deep Discoverer ROV,https://deepseacoraldata.noaa.gov/db-images/1042892.jpg
1042893,gorgonian coral,Plexauridae,Cnidaria,Anthozoa,Live,15.6,36.1,North Atlantic,Caribbean,West of Desecheo Island | Pichincho,4/12/15,19:22:57,"18.86003,-66.81174",336,EX1502L3_Dive 03,Deep Discoverer ROV,https://deepseacoraldata.noaa.gov/db-images/1042893.jpg
1042894,demosponge,Demospongiae,Porifera,Demospongiae,Live,15.6,36.1,North Atlantic,Caribbean,West of Desecheo Island | Pichincho,4/12/15,19:22:57,"18.86003,-66.81175",336,EX1502L3_Dive 03,Deep Discoverer ROV,https://deepseacoraldata.noaa.gov/db-images/1042894.jpg
1042895,demosponge,Demospongiae,Porifera,Demospongiae,Live,15.6,36.1,North Atlantic,Caribbean,West of Desecheo Island | Pichincho,4/12/15,19:24:39,"18.86003,-66.81176",336,EX1502L3_Dive 03,Deep Discoverer ROV,https://deepseacoraldata.noaa.gov/db-images/1042895.jpg
1042896,demosponge,Demospongiae,Porifera,Demospongiae,Live,18,36.5,North Atlantic,Caribbean,West of Desecheo Island | Pichincho,4/12/15,19:29:11,"18.86003,-66.81177",315,EX1502L3_Dive 03,Deep Discoverer ROV,https://deepseacoraldata.noaa.gov/db-images/1042896.jpg
1042897,lace coral,Stylasteridae,Cnidaria,Hydrozoa,Live,18,36.5,North Atlantic,Caribbean,West of Desecheo Island | Pichincho,4/12/15,19:32:09,"18.86003,-66.81178",315,EX1502L3_Dive 03,Deep Discoverer ROV,https://deepseacoraldata.noaa.gov/db-images/1042897.jpg
1042898,demosponge,Demospongiae,Porifera,Demospongiae,Live,18,36.5,North Atlantic,Caribbean,West of Desecheo Island | Pichincho,4/12/15,19:32:09,"18.86003,-66.81179",315,EX1502L3_Dive 03,Deep Discoverer ROV,https://deepseacoraldata.noaa.gov/db-images/1042898.jpg
1042899,glass sponge,Hexactinellida,Porifera,Hexactinellida,Live,18,36.5,North Atlantic,Caribbean,West of Desecheo Island | Pichincho,4/12/15,19:32:09,"18.86003,-66.81180",315,EX1502L3_Dive 03,Deep Discoverer ROV,https://deepseacoraldata.noaa.gov/db-images/1042899.jpg
1042900,stony coral (branching),Scleractinia,Cnidaria,Anthozoa,Live,18,36.5,North Atlantic,Caribbean,West of Desecheo Island | Pichincho,4/12/15,19:40:59,"18.86003,-66.81181",309,EX1502L3_Dive 03,Deep Discoverer ROV,https://deepseacoraldata.noaa.gov/db-images/1042900.jpg
1042901,demosponge,Demospongiae,Porifera,Demospongiae,Live,18,36.5,North Atlantic,Caribbean,West of Desecheo Island | Pichincho,4/12/15,19:42:55,"18.86003,-66.81182",307,EX1502L3_Dive 03,Deep Discoverer ROV,https://deepseacoraldata.noaa.gov/db-images/1042901.jpg
1042902,demosponge,Demospongiae,Porifera,Demospongiae,Live,18,36.5,North Atlantic,Caribbean,West of Desecheo Island | Pichincho,4/12/15,19:44:26,"18.86003,-66.81183",306,EX1502L3_Dive 03,Deep Discoverer ROV,https://deepseacoraldata.noaa.gov/db-images/1042902.jpg
1042903,gorgonian coral,Plexauridae,Cnidaria,Anthozoa,Live,18,36.5,North Atlantic,Caribbean,West of Desecheo Island | Pichincho,4/12/15,19:52:12,"18.86003,-66.81184",305,EX1502L3_Dive 03,Deep Discoverer ROV,https://deepseacoraldata.noaa.gov/db-images/1042903.jpg
1042904,demosponge,Demospongiae,Porifera,Demospongiae,Live,18.3,36.5,North Atlantic,Caribbean,West of Desecheo Island | Pichincho,4/12/15,19:57:37,"18.86003,-66.81185",304,EX1502L3_Dive 03,Deep Discoverer ROV,https://deepseacoraldata.noaa.gov/db-images/1042904.jpg
1042905,stony coral (branching),Madrepora,Cnidaria,Anthozoa,Live,18.1,36.5,North Atlantic,Caribbean,West of Desecheo Island | Pichincho,4/12/15,20:08:16,"18.86003,-66.81186",309,EX1502L3_Dive 03,Deep Discoverer ROV,https://deepseacoraldata.noaa.gov/db-images/1042905.jpg
1042906,demosponge,Demospongiae,Porifera,Demospongiae,Live,18,36.5,North Atlantic,Caribbean,West of Desecheo Island | Pichincho,4/12/15,20:13:01,"18.86003,-66.81187",308,EX1502L3_Dive 03,Deep Discoverer ROV,https://deepseacoraldata.noaa.gov/db-images/1042906.jpg
1042907,stony coral (branching),Madrepora,Cnidaria,Anthozoa,Live,18,36.5,North Atlantic,Caribbean,West of Desecheo Island | Pichincho,4/12/15,20:13:01,"18.86003,-66.81188",308,EX1502L3_Dive 03,Deep Discoverer ROV,https://deepseacoraldata.noaa.gov/db-images/1042907.jpg
1042908,stony coral (branching),Scleractinia,Cnidaria,Anthozoa,Live,18,36.5,North Atlantic,Caribbean,West of Desecheo Island | Pichincho,4/12/15,20:13:01,"18.86003,-66.81189",308,EX1502L3_Dive 03,Deep Discoverer ROV,https://deepseacoraldata.noaa.gov/db-images/1042908.jpg
1042909,demosponge,Demospongiae,Porifera,Demospongiae,Live,18,36.5,North Atlantic,Caribbean,West of Desecheo Island | Pichincho,4/12/15,20:16:50,"18.86003,-66.81190",306,EX1502L3_Dive 03,Deep Discoverer ROV,https://deepseacoraldata.noaa.gov/db-images/1042909.jpg
1042910,stony coral (cup coral),Scleractinia,Cnidaria,Anthozoa,Live,18,36.5,North Atlantic,Caribbean,West of Desecheo Island | Pichincho,4/12/15,20:20:48,"18.86003,-66.81191",306,EX1502L3_Dive 03,Deep Discoverer ROV,https://deepseacoraldata.noaa.gov/db-images/1042910.jpg
1042911,gorgonian coral,Plexauridae,Cnidaria,Anthozoa,Live,18,36.5,North Atlantic,Caribbean,West of Desecheo Island | Pichincho,4/12/15,20:20:48,"18.86003,-66.81192",306,EX1502L3_Dive 03,Deep Discoverer ROV,https://deepseacoraldata.noaa.gov/db-images/1042911.jpg
1042912,black coral,Antipatharia,Cnidaria,Anthozoa,Live,17.8,36.5,North Atlantic,Caribbean,West of Desecheo Island | Pichincho,4/12/15,20:47:20,"18.86003,-66.81193",308,EX1502L3_Dive 03,Deep Discoverer ROV,https://deepseacoraldata.noaa.gov/db-images/1042912.jpg
1042913,demosponge,Demospongiae,Porifera,Demospongiae,Live,17.8,36.5,North Atlantic,Caribbean,West of Desecheo Island | Pichincho,4/12/15,20:47:20,"18.86003,-66.81194",308,EX1502L3_Dive 03,Deep Discoverer ROV,https://deepseacoraldata.noaa.gov/db-images/1042913.jpg
1042914,black coral,Antipatharia,Cnidaria,Anthozoa,Live,17.8,36.5,North Atlantic,Caribbean,West of Desecheo Island | Pichincho,4/12/15,20:50:02,"18.86003,-66.81195",308,EX1502L3_Dive 03,Deep Discoverer ROV,https://deepseacoraldata.noaa.gov/db-images/1042914.jpg
1042915,demosponge,Demospongiae,Porifera,Demospongiae,Live,17.8,36.4,North Atlantic,Caribbean,West of Desecheo Island | Pichincho,4/12/15,20:56:03,"18.86003,-66.81196",308,EX1502L3_Dive 03,Deep Discoverer ROV,https://deepseacoraldata.noaa.gov/db-images/1042915.jpg
1042916,stony coral (branching),Scleractinia,Cnidaria,Anthozoa,Live,17.8,36.4,North Atlantic,Caribbean,West of Desecheo Island | Pichincho,4/12/15,20:56:03,"18.86003,-66.81197",308,EX1502L3_Dive 03,Deep Discoverer ROV,https://deepseacoraldata.noaa.gov/db-images/1042916.jpg
1042917,demosponge,Demospongiae,Porifera,Demospongiae,Live,17.7,36.4,North Atlantic,Caribbean,West of Desecheo Island | Pichincho,4/12/15,20:59:29,"18.86003,-66.81198",308,EX1502L3_Dive 03,Deep Discoverer ROV,https://deepseacoraldata.noaa.gov/db-images/1042917.jpg
1042918,black coral,Antipatharia,Cnidaria,Anthozoa,Live,17.7,36.4,North Atlantic,Caribbean,West of Desecheo Island | Pichincho,4/12/15,20:59:29,"18.86003,-66.81199",308,EX1502L3_Dive 03,Deep Discoverer ROV,https://deepseacoraldata.noaa.gov/db-images/1042918.jpg
1042919,gorgonian coral,Plexauridae,Cnidaria,Anthozoa,Live,17.7,36.4,North Atlantic,Caribbean,West of Desecheo Island | Pichincho,4/12/15,21:01:11,"18.86003,-66.81200",306,EX1502L3_Dive 03,Deep Discoverer ROV,https://deepseacoraldata.noaa.gov/db-images/1042919.jpg
1042920,demosponge,Demospongiae,Porifera,Demospongiae,Live,17.7,36.4,North Atlantic,Caribbean,West of Desecheo Island | Pichincho,4/12/15,21:01:11,"18.86003,-66.81201",306,EX1502L3_Dive 03,Deep Discoverer ROV,https://deepseacoraldata.noaa.gov/db-images/1042920.jpg
1042921,demosponge,Demospongiae,Porifera,Demospongiae,Live,17.7,36.4,North Atlantic,Caribbean,West of Desecheo Island | Pichincho,4/12/15,21:01:11,"18.86003,-66.81202",306,EX1502L3_Dive 03,Deep Discoverer ROV,https://deepseacoraldata.noaa.gov/db-images/1042921.jpg
1042922,demosponge,Demospongiae,Porifera,Demospongiae,Live,17.7,36.4,North Atlantic,Caribbean,West of Desecheo Island | Pichincho,4/12/15,21:23:21,"18.86003,-66.81203",306,EX1502L3_Dive 03,Deep Discoverer ROV,https://deepseacoraldata.noaa.gov/db-images/1042922.jpg
1042923,sea pen,Umbellula,Cnidaria,Anthozoa,Live,-999,-999,North Atlantic,Caribbean,Mona Canyon - West Wall,4/13/15,15:00:17,"18.86003,-66.81204",3924,EX1502L3_Dive 04,Deep Discoverer ROV,https://deepseacoraldata.noaa.gov/db-images/1042923.jpg
1042924,demosponge,Asbestopluma,Porifera,Demospongiae,Live,-999,-999,North Atlantic,Caribbean,Mona Canyon - West Wall,4/13/15,15:17:04,"18.86003,-66.81205",3916,EX1502L3_Dive 04,Deep Discoverer ROV,https://deepseacoraldata.noaa.gov/db-images/1042924.jpg
1042925,black coral,Bathypathes,Cnidaria,Anthozoa,Live,-999,-999,North Atlantic,Caribbean,Mona Canyon - West Wall,4/13/15,15:37:25,"18.86003,-66.81206",3897,EX1502L3_Dive 04,Deep Discoverer ROV,https://deepseacoraldata.noaa.gov/db-images/1042925.jpg
1042926,glass sponge,Hexactinellida,Porifera,Hexactinellida,Live,-999,-999,North Atlantic,Caribbean,Mona Canyon - West Wall,4/13/15,16:14:33,"18.86003,-66.81207",3811,EX1502L3_Dive 04,Deep Discoverer ROV,https://deepseacoraldata.noaa.gov/db-images/1042926.jpg
1042927,gorgonian coral,Keratoisididae,Cnidaria,Anthozoa,Live,-999,-999,North Atlantic,Caribbean,Mona Canyon - West Wall,4/13/15,17:21:40,"18.86003,-66.81208",3588,EX1502L3_Dive 04,Deep Discoverer ROV,https://deepseacoraldata.noaa.gov/db-images/1042927.jpg
1042928,glass sponge,Hexactinellida,Porifera,Hexactinellida,Live,-999,-999,North Atlantic,Caribbean,Mona Canyon - West Wall,4/13/15,18:12:22,"18.86003,-66.81209",3433,EX1502L3_Dive 04,Deep Discoverer ROV,https://deepseacoraldata.noaa.gov/db-images/1042928.jpg
1042929,demosponge,Asbestopluma,Porifera,Demospongiae,Live,-999,-999,North Atlantic,Caribbean,Mona Canyon - West Wall,4/13/15,19:49:43,"18.86003,-66.81210",3254,EX1502L3_Dive 04,Deep Discoverer ROV,https://deepseacoraldata.noaa.gov/db-images/1042929.jpg
1042930,glass sponge,Hexactinellida,Porifera,Hexactinellida,Live,-999,-999,North Atlantic,Caribbean,Mona Canyon - West Wall,4/13/15,20:07:36,"18.86003,-66.81211",3235,EX1502L3_Dive 04,Deep Discoverer ROV,https://deepseacoraldata.noaa.gov/db-images/1042930.jpg
1042931,glass sponge,Hyalonematidae,Porifera,Hexactinellida,Live,-999,-999,North Atlantic,Caribbean,Mona Canyon - West Wall,4/13/15,20:10:18,"18.86003,-66.81212",3232,EX1502L3_Dive 04,Deep Discoverer ROV,https://deepseacoraldata.noaa.gov/db-images/1042931.jpg
1042932,demosponge,Asbestopluma,Porifera,Demospongiae,Live,-999,-999,North Atlantic,Caribbean,Mona Canyon - West Wall,4/13/15,20:22:38,"18.86003,-66.81213",3207,EX1502L3_Dive 04,Deep Discoverer ROV,https://deepseacoraldata.noaa.gov/db-images/1042932.jpg
1042933,sponge (unspecified),Porifera,Porifera,NA,Live,-999,-999,North Atlantic,Caribbean,Mona Canyon - West Wall,4/13/15,20:24:48,"18.86003,-66.81214",3207,EX1502L3_Dive 04,Deep Discoverer ROV,https://deepseacoraldata.noaa.gov/db-images/1042933.jpg
1042934,demosponge,Asbestopluma,Porifera,Demospongiae,Live,-999,-999,North Atlantic,Caribbean,Mona Canyon - West Wall,4/13/15,20:24:48,"18.86003,-66.81215",3207,EX1502L3_Dive 04,Deep Discoverer ROV,https://deepseacoraldata.noaa.gov/db-images/1042934.jpg
1042935,demosponge,Asbestopluma,Porifera,Demospongiae,Live,-999,-999,North Atlantic,Caribbean,Mona Canyon - West Wall,4/13/15,20:45:26,"18.86003,-66.81216",3174,EX1502L3_Dive 04,Deep Discoverer ROV,https://deepseacoraldata.noaa.gov/db-images/1042935.jpg
1042936,glass sponge,Hexactinellida,Porifera,Hexactinellida,Live,2.3,34.9,North Atlantic,Caribbean,Mona Canyon - East Wall,4/14/15,17:00:44,"18.86003,-66.81217",4022,EX1502L3_Dive 05,Deep Discoverer ROV,https://deepseacoraldata.noaa.gov/db-images/1042936.jpg
1042937,black coral,Stichopathes,Cnidaria,Anthozoa,Live,2.3,34.9,North Atlantic,Caribbean,Mona Canyon - East Wall,4/14/15,17:31:28,"18.86003,-66.81218",4008,EX1502L3_Dive 05,Deep Discoverer ROV,https://deepseacoraldata.noaa.gov/db-images/1042937.jpg
1042938,glass sponge,Hexactinellida,Porifera,Hexactinellida,Live,2.3,34.9,North Atlantic,Caribbean,Mona Canyon - East Wall,4/14/15,17:38:57,"18.86003,-66.81219",4001,EX1502L3_Dive 05,Deep Discoverer ROV,https://deepseacoraldata.noaa.gov/db-images/1042938.jpg
1042939,black coral,Antipatharia,Cnidaria,Anthozoa,Live,2.3,34.9,North Atlantic,Caribbean,Mona Canyon - East Wall,4/14/15,17:54:42,"18.86003,-66.81220",3989,EX1502L3_Dive 05,Deep Discoverer ROV,https://deepseacoraldata.noaa.gov/db-images/1042939.jpg
1042940,glass sponge,Hexactinellida,Porifera,Hexactinellida,Live,2.3,34.9,North Atlantic,Caribbean,Mona Canyon - East Wall,4/14/15,17:58:47,"18.86003,-66.81221",3986,EX1502L3_Dive 05,Deep Discoverer ROV,https://deepseacoraldata.noaa.gov/db-images/1042940.jpg
1042942,glass sponge,Hyalonematidae,Porifera,Hexactinellida,Live,2.4,34.9,North Atlantic,Caribbean,Mona Canyon - East Wall,4/14/15,18:30:15,"18.86003,-66.81222",3949,EX1502L3_Dive 05,Deep Discoverer ROV,https://deepseacoraldata.noaa.gov/db-images/1042942.jpg
1042943,black coral,Antipatharia,Cnidaria,Anthozoa,Live,2.4,34.9,North Atlantic,Caribbean,Mona Canyon - East Wall,4/14/15,19:08:05,"18.86003,-66.81223",3880,EX1502L3_Dive 05,Deep Discoverer ROV,https://deepseacoraldata.noaa.gov/db-images/1042943.jpg
1042944,glass sponge,Hexactinellida,Porifera,Hexactinellida,Live,2.4,34.9,North Atlantic,Caribbean,Mona Canyon - East Wall,4/14/15,19:11:49,"18.86003,-66.81224",3874,EX1502L3_Dive 05,Deep Discoverer ROV,https://deepseacoraldata.noaa.gov/db-images/1042944.jpg
1042945,glass sponge,Hyalonematidae,Porifera,Hexactinellida,Live,2.4,34.9,North Atlantic,Caribbean,Mona Canyon - East Wall,4/14/15,19:28:44,"18.86003,-66.81225",3855,EX1502L3_Dive 05,Deep Discoverer ROV,https://deepseacoraldata.noaa.gov/db-images/1042945.jpg
1042947,glass sponge,Hexactinellida,Porifera,Hexactinellida,Damaged,2.5,34.9,North Atlantic,Caribbean,Mona Canyon - East Wall,4/14/15,20:02:19,"18.86003,-66.81226",3766,EX1502L3_Dive 05,Deep Discoverer ROV,https://deepseacoraldata.noaa.gov/db-images/1042947.jpg
1042949,demosponge,Asbestopluma,Porifera,Demospongiae,Live,2.5,34.9,North Atlantic,Caribbean,Mona Canyon - East Wall,4/14/15,20:16:20,"18.86003,-66.81227",3737,EX1502L3_Dive 05,Deep Discoverer ROV,https://deepseacoraldata.noaa.gov/db-images/1042949.jpg
1042950,glass sponge,Hexactinellida,Porifera,Hexactinellida,Live,2.5,34.9,North Atlantic,Caribbean,Mona Canyon - East Wall,4/14/15,20:18:23,"18.86003,-66.81228",3731,EX1502L3_Dive 05,Deep Discoverer ROV,https://deepseacoraldata.noaa.gov/db-images/1042950.jpg
1042951,demosponge,Asbestopluma,Porifera,Demospongiae,Live,2.5,34.9,North Atlantic,Caribbean,Mona Canyon - East Wall,4/14/15,20:21:02,"18.86003,-66.81229",3731,EX1502L3_Dive 05,Deep Discoverer ROV,https://deepseacoraldata.noaa.gov/db-images/1042951.jpg
1042952,gorgonian coral,Keratoisididae,Cnidaria,Anthozoa,Live,2.5,34.9,North Atlantic,Caribbean,Mona Canyon - East Wall,4/14/15,20:25:07,"18.86003,-66.81230",3730,EX1502L3_Dive 05,Deep Discoverer ROV,https://deepseacoraldata.noaa.gov/db-images/1042952.jpg
1042953,demosponge,Demospongiae,Porifera,Demospongiae,Live,10.2,35.3,North Atlantic,Caribbean,Unnamed Platform between Mona and Mayaguez,4/15/15,11:55:27,"18.86003,-66.81231",602,EX1502L3_Dive 06,Deep Discoverer ROV,https://deepseacoraldata.noaa.gov/db-images/1042953.jpg
1042954,glass sponge,Hexactinellida,Porifera,Hexactinellida,Live,9.7,35.2,North Atlantic,Caribbean,Unnamed Platform between Mona and Mayaguez,4/15/15,13:35:41,"18.86003,-66.81232",577,EX1502L3_Dive 06,Deep Discoverer ROV,https://deepseacoraldata.noaa.gov/db-images/1042954.jpg
1042955,lace coral,Stylasteridae,Cnidaria,Hydrozoa,Live,10.5,35.3,North Atlantic,Caribbean,Unnamed Platform between Mona and Mayaguez,4/15/15,14:18:01,"18.86003,-66.81233",562,EX1502L3_Dive 06,Deep Discoverer ROV,https://deepseacoraldata.noaa.gov/db-images/1042955.jpg
1042956,demosponge,Demospongiae,Porifera,Demospongiae,Live,10.8,35.3,North Atlantic,Caribbean,Unnamed Platform between Mona and Mayaguez,4/15/15,14:28:23,"18.86003,-66.81234",554,EX1502L3_Dive 06,Deep Discoverer ROV,https://deepseacoraldata.noaa.gov/db-images/1042956.jpg
1042957,sponge (unspecified),Porifera,Porifera,NA,Live,11.4,35.4,North Atlantic,Caribbean,Unnamed Platform between Mona and Mayaguez,4/15/15,14:43:39,"18.86003,-66.81235",547,EX1502L3_Dive 06,Deep Discoverer ROV,https://deepseacoraldata.noaa.gov/db-images/1042957.jpg
1042958,black coral,Tanacetipathes,Cnidaria,Anthozoa,Live,11.6,35.5,North Atlantic,Caribbean,Unnamed Platform between Mona and Mayaguez,4/15/15,14:53:54,"18.86003,-66.81236",534,EX1502L3_Dive 06,Deep Discoverer ROV,https://deepseacoraldata.noaa.gov/db-images/1042958.jpg
1042959,lace coral,Stylasteridae,Cnidaria,Hydrozoa,Live,12.4,35.6,North Atlantic,Caribbean,Unnamed Platform between Mona and Mayaguez,4/15/15,15:29:23,"18.86003,-66.81237",497,EX1502L3_Dive 06,Deep Discoverer ROV,https://deepseacoraldata.noaa.gov/db-images/1042959.jpg
1042960,gorgonian coral,Primnoidae,Cnidaria,Anthozoa,Live,12.4,35.6,North Atlantic,Caribbean,Unnamed Platform between Mona and Mayaguez,4/15/15,15:36:02,"18.86003,-66.81238",491,EX1502L3_Dive 06,Deep Discoverer ROV,https://deepseacoraldata.noaa.gov/db-images/1042960.jpg
1042961,lace coral,Stylasteridae,Cnidaria,Hydrozoa,Live,12.4,35.6,North Atlantic,Caribbean,Unnamed Platform between Mona and Mayaguez,4/15/15,15:38:53,"18.86003,-66.81239",484,EX1502L3_Dive 06,Deep Discoverer ROV,https://deepseacoraldata.noaa.gov/db-images/1042961.jpg
1042962,gorgonian coral,Primnoidae,Cnidaria,Anthozoa,Live,12.3,35.6,North Atlantic,Caribbean,Unnamed Platform between Mona and Mayaguez,4/15/15,15:48:17,"18.86003,-66.81240",476,EX1502L3_Dive 06,Deep Discoverer ROV,https://deepseacoraldata.noaa.gov/db-images/1042962.jpg
1042963,glass sponge,Hexactinellida,Porifera,Hexactinellida,Live,12.3,35.6,North Atlantic,Caribbean,Unnamed Platform between Mona and Mayaguez,4/15/15,15:48:17,"18.86003,-66.81241",476,EX1502L3_Dive 06,Deep Discoverer ROV,https://deepseacoraldata.noaa.gov/db-images/1042963.jpg
1042964,lace coral,Stylasteridae,Cnidaria,Hydrozoa,Live,12.4,35.6,North Atlantic,Caribbean,Unnamed Platform between Mona and Mayaguez,4/15/15,15:59:25,"18.86003,-66.81242",470,EX1502L3_Dive 06,Deep Discoverer ROV,https://deepseacoraldata.noaa.gov/db-images/1042964.jpg
1042965,black coral,Stichopathes,Cnidaria,Anthozoa,Live,12.9,35.6,North Atlantic,Caribbean,Unnamed Platform between Mona and Mayaguez,4/15/15,16:27:00,"18.86003,-66.81243",444,EX1502L3_Dive 06,Deep Discoverer ROV,https://deepseacoraldata.noaa.gov/db-images/1042965.jpg
1042966,black coral,Tanacetipathes,Cnidaria,Anthozoa,Live,12.9,35.6,North Atlantic,Caribbean,Unnamed Platform between Mona and Mayaguez,4/15/15,16:28:53,"18.86003,-66.81244",444,EX1502L3_Dive 06,Deep Discoverer ROV,https://deepseacoraldata.noaa.gov/db-images/1042966.jpg
1042967,black coral,Stichopathes,Cnidaria,Anthozoa,Live,13.1,35.7,North Atlantic,Caribbean,Unnamed Platform between Mona and Mayaguez,4/15/15,16:54:27,"18.86003,-66.81245",448,EX1502L3_Dive 06,Deep Discoverer ROV,https://deepseacoraldata.noaa.gov/db-images/1042967.jpg
1042968,stony coral (branching),Madrepora,Cnidaria,Anthozoa,Live,12.8,35.6,North Atlantic,Caribbean,Unnamed Platform between Mona and Mayaguez,4/15/15,16:56:04,"18.86003,-66.81246",446,EX1502L3_Dive 06,Deep Discoverer ROV,https://deepseacoraldata.noaa.gov/db-images/1042968.jpg
1042969,black coral,Antipatharia,Cnidaria,Anthozoa,Live,13.2,35.7,North Atlantic,Caribbean,Unnamed Platform between Mona and Mayaguez,4/15/15,17:03:50,"18.86003,-66.81247",866,EX1502L3_Dive 06,Deep Discoverer ROV,https://deepseacoraldata.noaa.gov/db-images/1042969.jpg
1042970,gorgonian coral,Chrysogorgia,Cnidaria,Anthozoa,Live,13.2,35.7,North Atlantic,Caribbean,Unnamed Platform between Mona and Mayaguez,4/15/15,17:10:36,"18.86003,-66.81248",871,EX1502L3_Dive 06,Deep Discoverer ROV,https://deepseacoraldata.noaa.gov/db-images/1042970.jpg
1042971,glass sponge,Hexactinellida,Porifera,Hexactinellida,Live,13.2,35.7,North Atlantic,Caribbean,Unnamed Platform between Mona and Mayaguez,4/15/15,17:11:36,"18.86003,-66.81249",867,EX1502L3_Dive 06,Deep Discoverer ROV,https://deepseacoraldata.noaa.gov/db-images/1042971.jpg
1042972,sponge (unspecified),Porifera,Porifera,NA,Dead,13.2,35.7,North Atlantic,Caribbean,Unnamed Platform between Mona and Mayaguez,4/15/15,17:11:36,"18.86003,-66.81250",867,EX1502L3_Dive 06,Deep Discoverer ROV,https://deepseacoraldata.noaa.gov/db-images/1042972.jpg
1042973,gorgonian coral,Chrysogorgia,Cnidaria,Anthozoa,Live,13.1,35.7,North Atlantic,Caribbean,Unnamed Platform between Mona and Mayaguez,4/15/15,17:16:51,"18.86003,-66.81251",862,EX1502L3_Dive 06,Deep Discoverer ROV,https://deepseacoraldata.noaa.gov/db-images/1042973.jpg
1042974,gorgonian coral,Callogorgia,Cnidaria,Anthozoa,Live,13.2,35.7,North Atlantic,Caribbean,Unnamed Platform between Mona and Mayaguez,4/15/15,17:22:58,"18.86003,-66.81252",862,EX1502L3_Dive 06,Deep Discoverer ROV,https://deepseacoraldata.noaa.gov/db-images/1042974.jpg
1042975,black coral,Antipatharia,Cnidaria,Anthozoa,Live,13.7,35.8,North Atlantic,Caribbean,Unnamed Platform between Mona and Mayaguez,4/15/15,17:40:06,"18.86003,-66.81253",860,EX1502L3_Dive 06,Deep Discoverer ROV,https://deepseacoraldata.noaa.gov/db-images/1042975.jpg
1042976,gorgonian coral,Plexauridae,Cnidaria,Anthozoa,Live,13.8,35.8,North Atlantic,Caribbean,Unnamed Platform between Mona and Mayaguez,4/15/15,17:46:20,"18.86003,-66.81254",857,EX1502L3_Dive 06,Deep Discoverer ROV,https://deepseacoraldata.noaa.gov/db-images/1042976.jpg
1042977,gorgonian coral,Callogorgia,Cnidaria,Anthozoa,Live,12.7,35.6,North Atlantic,Caribbean,Unnamed Platform between Mona and Mayaguez,4/15/15,18:05:34,"18.86003,-66.81255",856,EX1502L3_Dive 06,Deep Discoverer ROV,https://deepseacoraldata.noaa.gov/db-images/1042977.jpg
1042978,gorgonian coral,Acanthogorgia,Cnidaria,Anthozoa,Live,12.9,35.7,North Atlantic,Caribbean,Unnamed Platform between Mona and Mayaguez,4/15/15,18:17:37,"18.86003,-66.81256",858,EX1502L3_Dive 06,Deep Discoverer ROV,https://deepseacoraldata.noaa.gov/db-images/1042978.jpg
1042979,demosponge,Demospongiae,Porifera,Demospongiae,Live,12.9,35.7,North Atlantic,Caribbean,Unnamed Platform between Mona and Mayaguez,4/15/15,18:17:37,"18.86003,-66.81257",858,EX1502L3_Dive 06,Deep Discoverer ROV,https://deepseacoraldata.noaa.gov/db-images/1042979.jpg
1042980,demosponge,Demospongiae,Porifera,Demospongiae,Live,12.9,35.7,North Atlantic,Caribbean,Unnamed Platform between Mona and Mayaguez,4/15/15,18:17:37,"18.86003,-66.81258",858,EX1502L3_Dive 06,Deep Discoverer ROV,https://deepseacoraldata.noaa.gov/db-images/1042980.jpg
1042981,demosponge,Demospongiae,Porifera,Demospongiae,Live,14.3,35.9,North Atlantic,Caribbean,Unnamed Platform between Mona and Mayaguez,4/15/15,18:39:03,"18.86003,-66.81259",859,EX1502L3_Dive 06,Deep Discoverer ROV,https://deepseacoraldata.noaa.gov/db-images/1042981.jpg
1042982,demosponge,Demospongiae,Porifera,Demospongiae,Live,14.9,36,North Atlantic,Caribbean,Unnamed Platform between Mona and Mayaguez,4/15/15,18:53:20,"18.86003,-66.81260",857,EX1502L3_Dive 06,Deep Discoverer ROV,https://deepseacoraldata.noaa.gov/db-images/1042982.jpg
1042983,demosponge,Demospongiae,Porifera,Demospongiae,Live,14.9,36,North Atlantic,Caribbean,Unnamed Platform between Mona and Mayaguez,4/15/15,18:53:20,"18.86003,-66.81261",857,EX1502L3_Dive 06,Deep Discoverer ROV,https://deepseacoraldata.noaa.gov/db-images/1042983.jpg
1042984,demosponge,Demospongiae,Porifera,Demospongiae,Live,15,36,North Atlantic,Caribbean,Unnamed Platform between Mona and Mayaguez,4/15/15,18:59:25,"18.86003,-66.81262",857,EX1502L3_Dive 06,Deep Discoverer ROV,https://deepseacoraldata.noaa.gov/db-images/1042984.jpg
1042985,demosponge,Demospongiae,Porifera,Demospongiae,Live,15.1,36,North Atlantic,Caribbean,Unnamed Platform between Mona and Mayaguez,4/15/15,18:59:58,"18.86003,-66.81263",857,EX1502L3_Dive 06,Deep Discoverer ROV,https://deepseacoraldata.noaa.gov/db-images/1042985.jpg
1042986,stony coral (branching),Scleractinia,Cnidaria,Anthozoa,Live,15.1,36,North Atlantic,Caribbean,Unnamed Platform between Mona and Mayaguez,4/15/15,18:59:58,"18.86003,-66.81264",856,EX1502L3_Dive 06,Deep Discoverer ROV,https://deepseacoraldata.noaa.gov/db-images/1042986.jpg
1042987,stony coral (branching),Lophelia pertusa,Cnidaria,Anthozoa,Live,15,36,North Atlantic,Caribbean,Unnamed Platform between Mona and Mayaguez,4/15/15,19:00:59,"18.86003,-66.81265",851,EX1502L3_Dive 06,Deep Discoverer ROV,https://deepseacoraldata.noaa.gov/db-images/1042987.jpg
1042988,black coral,Antipatharia,Cnidaria,Anthozoa,Live,14.9,36,North Atlantic,Caribbean,Unnamed Platform between Mona and Mayaguez,4/15/15,19:07:39,"18.86003,-66.81266",928,EX1502L3_Dive 06,Deep Discoverer ROV,https://deepseacoraldata.noaa.gov/db-images/1042988.jpg
1042989,stony coral (branching),Scleractinia,Cnidaria,Anthozoa,Live,14.9,36,North Atlantic,Caribbean,Unnamed Platform between Mona and Mayaguez,4/15/15,19:07:39,"18.86003,-66.81267",928,EX1502L3_Dive 06,Deep Discoverer ROV,https://deepseacoraldata.noaa.gov/db-images/1042989.jpg
1042990,demosponge,Demospongiae,Porifera,Demospongiae,Live,14.9,36,North Atlantic,Caribbean,Unnamed Platform between Mona and Mayaguez,4/15/15,19:07:39,"18.86003,-66.81268",928,EX1502L3_Dive 06,Deep Discoverer ROV,https://deepseacoraldata.noaa.gov/db-images/1042990.jpg
1042991,glass sponge,Hexactinellida,Porifera,Hexactinellida,Live,14.9,36,North Atlantic,Caribbean,Unnamed Platform between Mona and Mayaguez,4/15/15,19:07:39,"18.86003,-66.81269",928,EX1502L3_Dive 06,Deep Discoverer ROV,https://deepseacoraldata.noaa.gov/db-images/1042991.jpg
1042992,demosponge,Demospongiae,Porifera,Demospongiae,Live,15,36,North Atlantic,Caribbean,Unnamed Platform between Mona and Mayaguez,4/15/15,19:08:35,"18.86003,-66.81270",928,EX1502L3_Dive 06,Deep Discoverer ROV,https://deepseacoraldata.noaa.gov/db-images/1042992.jpg
1042993,demosponge,Demospongiae,Porifera,Demospongiae,Live,15.4,36,North Atlantic,Caribbean,Unnamed Platform between Mona and Mayaguez,4/15/15,19:25:13,"18.86003,-66.81271",928,EX1502L3_Dive 06,Deep Discoverer ROV,https://deepseacoraldata.noaa.gov/db-images/1042993.jpg
1042994,black coral,Antipatharia,Cnidaria,Anthozoa,Live,16.9,36.3,North Atlantic,Caribbean,Unnamed Platform between Mona and Mayaguez,4/15/15,19:50:55,"18.86003,-66.81272",928,EX1502L3_Dive 06,Deep Discoverer ROV,https://deepseacoraldata.noaa.gov/db-images/1042994.jpg
1042995,black coral,Distichopathes,Cnidaria,Anthozoa,Live,16.9,36.3,North Atlantic,Caribbean,Unnamed Platform between Mona and Mayaguez,4/15/15,19:52:36,"18.86003,-66.81273",928,EX1502L3_Dive 06,Deep Discoverer ROV,https://deepseacoraldata.noaa.gov/db-images/1042995.jpg
1042996,soft coral,Anthomastus,Cnidaria,Anthozoa,Live,16.9,36.3,North Atlantic,Caribbean,Unnamed Platform between Mona and Mayaguez,4/15/15,19:53:10,"18.86003,-66.81274",928,EX1502L3_Dive 06,Deep Discoverer ROV,https://deepseacoraldata.noaa.gov/db-images/1042996.jpg
1042997,gorgonian coral,Primnoidae,Cnidaria,Anthozoa,Live,17,36.2,North Atlantic,Caribbean,Unnamed Platform between Mona and Mayaguez,4/15/15,19:55:12,"18.86003,-66.81275",928,EX1502L3_Dive 06,Deep Discoverer ROV,https://deepseacoraldata.noaa.gov/db-images/1042997.jpg
1042998,black coral,Antipatharia,Cnidaria,Anthozoa,Live,17,36.2,North Atlantic,Caribbean,Unnamed Platform between Mona and Mayaguez,4/15/15,19:55:12,"18.86003,-66.81276",928,EX1502L3_Dive 06,Deep Discoverer ROV,https://deepseacoraldata.noaa.gov/db-images/1042998.jpg
1042999,lace coral,Stylasteridae,Cnidaria,Hydrozoa,Live,17,36.2,North Atlantic,Caribbean,Unnamed Platform between Mona and Mayaguez,4/15/15,19:55:12,"18.86003,-66.81277",928,EX1502L3_Dive 06,Deep Discoverer ROV,https://deepseacoraldata.noaa.gov/db-images/1042999.jpg
1043000,black coral,Antipatharia,Cnidaria,Anthozoa,Live,17,36.4,North Atlantic,Caribbean,Unnamed Platform between Mona and Mayaguez,4/15/15,19:59:32,"18.86003,-66.81278",928,EX1502L3_Dive 06,Deep Discoverer ROV,https://deepseacoraldata.noaa.gov/db-images/1043000.jpg
1043001,lace coral,Stylasteridae,Cnidaria,Hydrozoa,Live,4.2,35,North Atlantic,Caribbean,Guayanilla Canyon,4/16/15,12:16:54,"18.86003,-66.81279",927,EX1502L3_Dive 07,Deep Discoverer ROV,https://deepseacoraldata.noaa.gov/db-images/1043001.jpg
1043002,gorgonian coral,Keratoisididae,Cnidaria,Anthozoa,Live,4.2,35,North Atlantic,Caribbean,Guayanilla Canyon,4/16/15,12:35:59,"18.86003,-66.81280",926,EX1502L3_Dive 07,Deep Discoverer ROV,https://deepseacoraldata.noaa.gov/db-images/1043002.jpg
1043003,black coral,Antipatharia,Cnidaria,Anthozoa,Live,4.2,35,North Atlantic,Caribbean,Guayanilla Canyon,4/16/15,13:18:40,"18.86003,-66.81281",926,EX1502L3_Dive 07,Deep Discoverer ROV,https://deepseacoraldata.noaa.gov/db-images/1043003.jpg
1043004,lace coral,Stylasteridae,Cnidaria,Hydrozoa,Live,4.2,35,North Atlantic,Caribbean,Guayanilla Canyon,4/16/15,13:19:17,"18.86003,-66.81282",926,EX1502L3_Dive 07,Deep Discoverer ROV,https://deepseacoraldata.noaa.gov/db-images/1043004.jpg
1043005,black coral,Bathypathes,Cnidaria,Anthozoa,Live,4.2,35,North Atlantic,Caribbean,Guayanilla Canyon,4/16/15,13:52:59,"18.86003,-66.81283",926,EX1502L3_Dive 07,Deep Discoverer ROV,https://deepseacoraldata.noaa.gov/db-images/1043005.jpg
1043006,soft coral,Anthomastus,Cnidaria,Anthozoa,Live,4.2,35,North Atlantic,Caribbean,Guayanilla Canyon,4/16/15,14:01:51,"18.86003,-66.81284",926,EX1502L3_Dive 07,Deep Discoverer ROV,https://deepseacoraldata.noaa.gov/db-images/1043006.jpg
1043007,soft coral,Anthomastus,Cnidaria,Anthozoa,Live,4.2,35,North Atlantic,Caribbean,Guayanilla Canyon,4/16/15,14:02:58,"18.86003,-66.81285",923,EX1502L3_Dive 07,Deep Discoverer ROV,https://deepseacoraldata.noaa.gov/db-images/1043007.jpg
1043008,gorgonian coral,Lepidisis,Cnidaria,Anthozoa,Live,4.2,35,North Atlantic,Caribbean,Guayanilla Canyon,4/16/15,14:10:35,"18.86003,-66.81286",922,EX1502L3_Dive 07,Deep Discoverer ROV,https://deepseacoraldata.noaa.gov/db-images/1043008.jpg
1043009,sea pen,Umbellula,Cnidaria,Anthozoa,Live,4.2,35,North Atlantic,Caribbean,Guayanilla Canyon,4/16/15,14:12:20,"18.86003,-66.81287",851,EX1502L3_Dive 07,Deep Discoverer ROV,https://deepseacoraldata.noaa.gov/db-images/1043009.jpg
1043010,glass sponge,Hexactinellida,Porifera,Hexactinellida,Live,4.2,35,North Atlantic,Caribbean,Guayanilla Canyon,4/16/15,14:51:06,"18.86003,-66.81288",851,EX1502L3_Dive 07,Deep Discoverer ROV,https://deepseacoraldata.noaa.gov/db-images/1043010.jpg
1043011,lace coral,Stylasteridae,Cnidaria,Hydrozoa,Live,4.2,35,North Atlantic,Caribbean,Guayanilla Canyon,4/16/15,15:48:50,"18.86003,-66.81289",851,EX1502L3_Dive 07,Deep Discoverer ROV,https://deepseacoraldata.noaa.gov/db-images/1043011.jpg
1043012,gorgonian coral,Metallogorgia,Cnidaria,Anthozoa,Live,4.2,35,North Atlantic,Caribbean,Guayanilla Canyon,4/16/15,16:18:21,"18.86003,-66.81290",850,EX1502L3_Dive 07,Deep Discoverer ROV,https://deepseacoraldata.noaa.gov/db-images/1043012.jpg
1043013,glass sponge,Hyalonematidae,Porifera,Hexactinellida,Live,4.2,35,North Atlantic,Caribbean,Guayanilla Canyon,4/16/15,16:23:54,"18.86003,-66.81291",851,EX1502L3_Dive 07,Deep Discoverer ROV,https://deepseacoraldata.noaa.gov/db-images/1043013.jpg
1043014,gorgonian coral,Lepidisis,Cnidaria,Anthozoa,Live,4.2,35,North Atlantic,Caribbean,Guayanilla Canyon,4/16/15,17:30:56,"18.86003,-66.81292",851,EX1502L3_Dive 07,Deep Discoverer ROV,https://deepseacoraldata.noaa.gov/db-images/1043014.jpg
1043015,gorgonian coral,Keratoisididae,Cnidaria,Anthozoa,Live,6.3,34.9,North Atlantic,Caribbean,Pinnacles south of St. Croix,4/27/15,13:46:17,"18.86003,-66.81293",866,EX1502L3_Dive 10,Deep Discoverer ROV,https://deepseacoraldata.noaa.gov/db-images/1043015.jpg
1043016,black coral,Bathypathes,Cnidaria,Anthozoa,Live,6.3,34.9,North Atlantic,Caribbean,Pinnacles south of St. Croix,4/27/15,13:54:31,"18.86003,-66.81294",871,EX1502L3_Dive 10,Deep Discoverer ROV,https://deepseacoraldata.noaa.gov/db-images/1043016.jpg
1043017,black coral,Stichopathes,Cnidaria,Anthozoa,Live,6.3,34.9,North Atlantic,Caribbean,Pinnacles south of St. Croix,4/27/15,14:02:39,"18.86003,-66.81295",862,EX1502L3_Dive 10,Deep Discoverer ROV,https://deepseacoraldata.noaa.gov/db-images/1043017.jpg
1043018,gorgonian coral,Chrysogorgia,Cnidaria,Anthozoa,Live,6.3,34.9,North Atlantic,Caribbean,Pinnacles south of St. Croix,4/27/15,14:03:47,"18.86003,-66.81296",862,EX1502L3_Dive 10,Deep Discoverer ROV,https://deepseacoraldata.noaa.gov/db-images/1043018.jpg
1043019,gorgonian coral,Primnoidae,Cnidaria,Anthozoa,Live,6.4,34.9,North Atlantic,Caribbean,Pinnacles south of St. Croix,4/27/15,14:07:12,"18.86003,-66.81297",860,EX1502L3_Dive 10,Deep Discoverer ROV,https://deepseacoraldata.noaa.gov/db-images/1043019.jpg
1043020,glass sponge,Hexactinellida,Porifera,Hexactinellida,Live,6.4,34.9,North Atlantic,Caribbean,Pinnacles south of St. Croix,4/27/15,14:07:12,"18.86003,-66.81298",860,EX1502L3_Dive 10,Deep Discoverer ROV,https://deepseacoraldata.noaa.gov/db-images/1043020.jpg
1043021,glass sponge,Hexactinellida,Porifera,Hexactinellida,Live,6.4,34.9,North Atlantic,Caribbean,Pinnacles south of St. Croix,4/27/15,14:14:53,"18.86003,-66.81299",857,EX1502L3_Dive 10,Deep Discoverer ROV,https://deepseacoraldata.noaa.gov/db-images/1043021.jpg
1043022,stony coral (branching),Lophelia pertusa,Cnidaria,Anthozoa,Live,6.4,34.9,North Atlantic,Caribbean,Pinnacles south of St. Croix,4/27/15,14:16:41,"18.86003,-66.81300",856,EX1502L3_Dive 10,Deep Discoverer ROV,https://deepseacoraldata.noaa.gov/db-images/1043022.jpg
1043023,glass sponge,Hexactinellida,Porifera,Hexactinellida,Live,6.5,34.8,North Atlantic,Caribbean,Pinnacles south of St. Croix,4/27/15,14:18:00,"18.86003,-66.81301",857,EX1502L3_Dive 10,Deep Discoverer ROV,https://deepseacoraldata.noaa.gov/db-images/1043023.jpg
1043024,black coral,Tanacetipathes,Cnidaria,Anthozoa,Live,6.3,34.9,North Atlantic,Caribbean,Pinnacles south of St. Croix,4/27/15,14:21:44,"18.86003,-66.81302",858,EX1502L3_Dive 10,Deep Discoverer ROV,https://deepseacoraldata.noaa.gov/db-images/1043024.jpg
1043025,demosponge,Asbestopluma,Porifera,Demospongiae,Live,6.4,34.9,North Atlantic,Caribbean,Pinnacles south of St. Croix,4/27/15,14:30:25,"18.86003,-66.81303",859,EX1502L3_Dive 10,Deep Discoverer ROV,https://deepseacoraldata.noaa.gov/db-images/1043025.jpg
1043026,gorgonian coral,Iridogorgia,Cnidaria,Anthozoa,Live,6.5,34.9,North Atlantic,Caribbean,Pinnacles south of St. Croix,4/27/15,14:35:53,"18.86003,-66.81304",857,EX1502L3_Dive 10,Deep Discoverer ROV,https://deepseacoraldata.noaa.gov/db-images/1043026.jpg
1043027,lace coral,Stylasteridae,Cnidaria,Hydrozoa,Live,6.4,34.9,North Atlantic,Caribbean,Pinnacles south of St. Croix,4/27/15,14:49:02,"18.86003,-66.81305",851,EX1502L3_Dive 10,Deep Discoverer ROV,https://deepseacoraldata.noaa.gov/db-images/1043027.jpg
1043028,black coral,Antipatharia,Cnidaria,Anthozoa,Damaged,6.5,34.9,North Atlantic,Caribbean,Pinnacles south of St. Croix,4/27/15,14:58:11,"18.86003,-66.81306",851,EX1502L3_Dive 10,Deep Discoverer ROV,https://deepseacoraldata.noaa.gov/db-images/1043028.jpg
1043029,black coral,Stichopathes,Cnidaria,Anthozoa,Live,6.5,34.9,North Atlantic,Caribbean,Pinnacles south of St. Croix,4/27/15,14:58:11,"18.86003,-66.81307",928,EX1502L3_Dive 10,Deep Discoverer ROV,https://deepseacoraldata.noaa.gov/db-images/1043029.jpg
1043030,black coral,Stichopathes,Cnidaria,Anthozoa,Live,6.5,34.9,North Atlantic,Caribbean,Pinnacles south of St. Croix,4/27/15,14:58:50,"18.86003,-66.81308",851,EX1502L3_Dive 10,Deep Discoverer ROV,https://deepseacoraldata.noaa.gov/db-images/1043030.jpg
1043031,black coral,Antipatharia,Cnidaria,Anthozoa,Live,6.5,34.9,North Atlantic,Caribbean,Pinnacles south of St. Croix,4/27/15,14:58:50,"18.86003,-66.81309",851,EX1502L3_Dive 10,Deep Discoverer ROV,https://deepseacoraldata.noaa.gov/db-images/1043031.jpg
1043032,black coral,Antipatharia,Cnidaria,Anthozoa,Damaged,6.5,34.9,North Atlantic,Caribbean,Pinnacles south of St. Croix,4/27/15,15:00:07,"18.86003,-66.81310",851,EX1502L3_Dive 10,Deep Discoverer ROV,https://deepseacoraldata.noaa.gov/db-images/1043032.jpg
1043033,stony coral (branching),Enallopsammia rostrata,Cnidaria,Anthozoa,Live,6.5,34.9,North Atlantic,Caribbean,Pinnacles south of St. Croix,4/27/15,15:09:41,"18.86003,-66.81311",851,EX1502L3_Dive 10,Deep Discoverer ROV,https://deepseacoraldata.noaa.gov/db-images/1043033.jpg
1043034,stoloniferan coral,Clavularia,Cnidaria,Anthozoa,Live,6.5,34.9,North Atlantic,Caribbean,Pinnacles south of St. Croix,4/27/15,15:18:43,"18.86003,-66.81312",849,EX1502L3_Dive 10,Deep Discoverer ROV,https://deepseacoraldata.noaa.gov/db-images/1043034.jpg
1043035,black coral,Bathypathes,Cnidaria,Anthozoa,Live,6.5,34.9,North Atlantic,Caribbean,Pinnacles south of St. Croix,4/27/15,15:44:45,"18.86003,-66.81313",849,EX1502L3_Dive 10,Deep Discoverer ROV,https://deepseacoraldata.noaa.gov/db-images/1043035.jpg
1043036,black coral,Antipatharia,Cnidaria,Anthozoa,Live,6.5,34.9,North Atlantic,Caribbean,Pinnacles south of St. Croix,4/27/15,15:48:28,"18.86003,-66.81314",849,EX1502L3_Dive 10,Deep Discoverer ROV,https://deepseacoraldata.noaa.gov/db-images/1043036.jpg
1043037,black coral,Stichopathes,Cnidaria,Anthozoa,Live,6.5,34.9,North Atlantic,Caribbean,Pinnacles south of St. Croix,4/27/15,15:51:49,"18.86003,-66.81315",847,EX1502L3_Dive 10,Deep Discoverer ROV,https://deepseacoraldata.noaa.gov/db-images/1043037.jpg
1043038,demosponge,Demospongiae,Porifera,Demospongiae,Live,6.5,34.9,North Atlantic,Caribbean,Pinnacles south of St. Croix,4/27/15,15:51:49,"18.86003,-66.81316",847,EX1502L3_Dive 10,Deep Discoverer ROV,https://deepseacoraldata.noaa.gov/db-images/1043038.jpg
1043039,black coral,Antipatharia,Cnidaria,Anthozoa,Live,6.5,34.9,North Atlantic,Caribbean,Pinnacles south of St. Croix,4/27/15,15:53:19,"18.86003,-66.81317",847,EX1502L3_Dive 10,Deep Discoverer ROV,https://deepseacoraldata.noaa.gov/db-images/1043039.jpg
1043040,stony coral (branching),Lophelia pertusa,Cnidaria,Anthozoa,Live,6.5,34.9,North Atlantic,Caribbean,Pinnacles south of St. Croix,4/27/15,15:57:38,"18.86003,-66.81318",847,EX1502L3_Dive 10,Deep Discoverer ROV,https://deepseacoraldata.noaa.gov/db-images/1043040.jpg
1043041,demosponge,Asbestopluma,Porifera,Demospongiae,Live,6.5,34.9,North Atlantic,Caribbean,Pinnacles south of St. Croix,4/27/15,16:03:04,"18.86003,-66.81319",847,EX1502L3_Dive 10,Deep Discoverer ROV,https://deepseacoraldata.noaa.gov/db-images/1043041.jpg
1043042,gorgonian coral,Coralliidae,Cnidaria,Anthozoa,Dead,6.5,34.9,North Atlantic,Caribbean,Pinnacles south of St. Croix,4/27/15,16:05:33,"18.86003,-66.81320",846,EX1502L3_Dive 10,Deep Discoverer ROV,https://deepseacoraldata.noaa.gov/db-images/1043042.jpg
1043043,gorgonian coral,Coralliidae,Cnidaria,Anthozoa,Damaged,6.5,34.9,North Atlantic,Caribbean,Pinnacles south of St. Croix,4/27/15,16:07:04,"18.86003,-66.81321",844,EX1502L3_Dive 10,Deep Discoverer ROV,https://deepseacoraldata.noaa.gov/db-images/1043043.jpg
1043044,black coral,Bathypathes,Cnidaria,Anthozoa,Live,6.5,34.9,North Atlantic,Caribbean,Pinnacles south of St. Croix,4/27/15,16:09:16,"18.86003,-66.81322",837,EX1502L3_Dive 10,Deep Discoverer ROV,https://deepseacoraldata.noaa.gov/db-images/1043044.jpg
1043045,black coral,Antipatharia,Cnidaria,Anthozoa,Damaged,6.5,34.9,North Atlantic,Caribbean,Pinnacles south of St. Croix,4/27/15,16:11:51,"18.86003,-66.81323",837,EX1502L3_Dive 10,Deep Discoverer ROV,https://deepseacoraldata.noaa.gov/db-images/1043045.jpg
1043046,black coral,Antipatharia,Cnidaria,Anthozoa,Live,6.5,34.9,North Atlantic,Caribbean,Pinnacles south of St. Croix,4/27/15,16:16:47,"18.86003,-66.81324",829,EX1502L3_Dive 10,Deep Discoverer ROV,https://deepseacoraldata.noaa.gov/db-images/1043046.jpg
1043047,stony coral (branching),Lophelia pertusa,Cnidaria,Anthozoa,Live,6.6,34.9,North Atlantic,Caribbean,Pinnacles south of St. Croix,4/27/15,16:24:04,"18.86003,-66.81325",829,EX1502L3_Dive 10,Deep Discoverer ROV,https://deepseacoraldata.noaa.gov/db-images/1043047.jpg
1043048,black coral,Antipatharia,Cnidaria,Anthozoa,Live,6.6,34.9,North Atlantic,Caribbean,Pinnacles south of St. Croix,4/27/15,16:33:57,"18.86003,-66.81326",819,EX1502L3_Dive 10,Deep Discoverer ROV,https://deepseacoraldata.noaa.gov/db-images/1043048.jpg
1043049,gorgonian coral,Plexauridae,Cnidaria,Anthozoa,Live,6.6,34.9,North Atlantic,Caribbean,Pinnacles south of St. Croix,4/27/15,16:36:13,"18.86003,-66.81327",819,EX1502L3_Dive 10,Deep Discoverer ROV,https://deepseacoraldata.noaa.gov/db-images/1043049.jpg
1043050,gorgonian coral,Plexauridae,Cnidaria,Anthozoa,Live,6.6,34.9,North Atlantic,Caribbean,Pinnacles south of St. Croix,4/27/15,16:40:55,"18.86003,-66.81328",818,EX1502L3_Dive 10,Deep Discoverer ROV,https://deepseacoraldata.noaa.gov/db-images/1043050.jpg
1043051,black coral,Antipatharia,Cnidaria,Anthozoa,Live,6.6,34.9,North Atlantic,Caribbean,Pinnacles south of St. Croix,4/27/15,16:44:15,"18.86003,-66.81329",818,EX1502L3_Dive 10,Deep Discoverer ROV,https://deepseacoraldata.noaa.gov/db-images/1043051.jpg
1043052,black coral,Heteropathes,Cnidaria,Anthozoa,Live,6.3,34.9,North Atlantic,Caribbean,Pinnacles south of St. Croix,4/27/15,17:41:38,"18.86003,-66.81330",857,EX1502L3_Dive 10,Deep Discoverer ROV,https://deepseacoraldata.noaa.gov/db-images/1043052.jpg
1043053,black coral,Antipatharia,Cnidaria,Anthozoa,Live,6.4,34.9,North Atlantic,Caribbean,Pinnacles south of St. Croix,4/27/15,17:47:12,"18.86003,-66.81331",851,EX1502L3_Dive 10,Deep Discoverer ROV,https://deepseacoraldata.noaa.gov/db-images/1043053.jpg
1043054,gorgonian coral,Keratoisididae,Cnidaria,Anthozoa,Damaged,6.4,34.9,North Atlantic,Caribbean,Pinnacles south of St. Croix,4/27/15,17:50:54,"18.86003,-66.81332",850,EX1502L3_Dive 10,Deep Discoverer ROV,https://deepseacoraldata.noaa.gov/db-images/1043054.jpg
1043055,black coral,Antipatharia,Cnidaria,Anthozoa,Damaged,6.4,34.9,North Atlantic,Caribbean,Pinnacles south of St. Croix,4/27/15,18:00:54,"18.86003,-66.81333",832,EX1502L3_Dive 10,Deep Discoverer ROV,https://deepseacoraldata.noaa.gov/db-images/1043055.jpg
1043056,gorgonian coral,Paramuricea,Cnidaria,Anthozoa,Live,6.4,34.9,North Atlantic,Caribbean,Pinnacles south of St. Croix,4/27/15,18:04:33,"18.86003,-66.81334",832,EX1502L3_Dive 10,Deep Discoverer ROV,https://deepseacoraldata.noaa.gov/db-images/1043056.jpg
1043057,demosponge,Demospongiae,Porifera,Demospongiae,Live,6.4,34.9,North Atlantic,Caribbean,Pinnacles south of St. Croix,4/27/15,18:04:33,"18.86003,-66.81335",832,EX1502L3_Dive 10,Deep Discoverer ROV,https://deepseacoraldata.noaa.gov/db-images/1043057.jpg
1043058,stony coral (branching),Scleractinia,Cnidaria,Anthozoa,Live,6.4,34.9,North Atlantic,Caribbean,Pinnacles south of St. Croix,4/27/15,18:04:33,"18.86003,-66.81336",832,EX1502L3_Dive 10,Deep Discoverer ROV,https://deepseacoraldata.noaa.gov/db-images/1043058.jpg
1043059,gorgonian coral,Chrysogorgia,Cnidaria,Anthozoa,Live,6.4,34.9,North Atlantic,Caribbean,Pinnacles south of St. Croix,4/27/15,18:04:33,"18.86003,-66.81337",832,EX1502L3_Dive 10,Deep Discoverer ROV,https://deepseacoraldata.noaa.gov/db-images/1043059.jpg
1043060,gorgonian coral,Plexauridae,Cnidaria,Anthozoa,Live,6.4,34.9,North Atlantic,Caribbean,Pinnacles south of St. Croix,4/27/15,18:04:33,"18.86003,-66.81338",832,EX1502L3_Dive 10,Deep Discoverer ROV,https://deepseacoraldata.noaa.gov/db-images/1043060.jpg
1043061,gorgonian coral,Acanella,Cnidaria,Anthozoa,Live,6.4,34.9,North Atlantic,Caribbean,Pinnacles south of St. Croix,4/27/15,18:05:19,"18.86003,-66.81339",832,EX1502L3_Dive 10,Deep Discoverer ROV,https://deepseacoraldata.noaa.gov/db-images/1043061.jpg
1043062,gorgonian coral,Alcyonacea,Cnidaria,Anthozoa,Dead,5.8,34.9,North Atlantic,Caribbean,Pinnacles south of St. Croix,4/27/15,19:14:44,"18.86003,-66.81340",933,EX1502L3_Dive 10,Deep Discoverer ROV,https://deepseacoraldata.noaa.gov/db-images/1043062.jpg
1043063,glass sponge,Hexactinellida,Porifera,Hexactinellida,Live,5.8,34.9,North Atlantic,Caribbean,Pinnacles south of St. Croix,4/27/15,19:17:38,"18.86003,-66.81341",933,EX1502L3_Dive 10,Deep Discoverer ROV,https://deepseacoraldata.noaa.gov/db-images/1043063.jpg
1043064,glass sponge,Hyalonematidae,Porifera,Hexactinellida,Live,5.8,34.9,North Atlantic,Caribbean,Pinnacles south of St. Croix,4/27/15,19:19:43,"18.86003,-66.81342",932,EX1502L3_Dive 10,Deep Discoverer ROV,https://deepseacoraldata.noaa.gov/db-images/1043064.jpg
1043065,glass sponge,Hyalonematidae,Porifera,Hexactinellida,Live,5.8,34.9,North Atlantic,Caribbean,Pinnacles south of St. Croix,4/27/15,19:22:06,"18.86003,-66.81343",930,EX1502L3_Dive 10,Deep Discoverer ROV,https://deepseacoraldata.noaa.gov/db-images/1043065.jpg
1043066,sponge (unspecified),Porifera,Porifera,NA,Live,5.8,34.9,North Atlantic,Caribbean,Pinnacles south of St. Croix,4/27/15,19:28:27,"18.86003,-66.81344",868,EX1502L3_Dive 10,Deep Discoverer ROV,https://deepseacoraldata.noaa.gov/db-images/1043066.jpg
1043067,gorgonian coral,Keratoisididae,Cnidaria,Anthozoa,Live,5.8,34.9,North Atlantic,Caribbean,Pinnacles south of St. Croix,4/27/15,19:31:23,"18.86003,-66.81345",928,EX1502L3_Dive 10,Deep Discoverer ROV,https://deepseacoraldata.noaa.gov/db-images/1043067.jpg
1043068,gorgonian coral,Paramuricea,Cnidaria,Anthozoa,Live,5.8,34.9,North Atlantic,Caribbean,Pinnacles south of St. Croix,4/27/15,19:31:23,"18.86003,-66.81346",928,EX1502L3_Dive 10,Deep Discoverer ROV,https://deepseacoraldata.noaa.gov/db-images/1043068.jpg
1043069,gorgonian coral,Swiftia,Cnidaria,Anthozoa,Live,5.8,34.9,North Atlantic,Caribbean,Pinnacles south of St. Croix,4/27/15,19:31:23,"18.86003,-66.81347",928,EX1502L3_Dive 10,Deep Discoverer ROV,https://deepseacoraldata.noaa.gov/db-images/1043069.jpg
1043070,glass sponge,Hexactinellida,Porifera,Hexactinellida,Live,5.8,34.9,North Atlantic,Caribbean,Pinnacles south of St. Croix,4/27/15,19:31:23,"18.86003,-66.81348",928,EX1502L3_Dive 10,Deep Discoverer ROV,https://deepseacoraldata.noaa.gov/db-images/1043070.jpg
1043071,gorgonian coral,Swiftia,Cnidaria,Anthozoa,Live,5.7,34.9,North Atlantic,Caribbean,Pinnacles south of St. Croix,4/27/15,19:40:52,"18.86003,-66.81349",926,EX1502L3_Dive 10,Deep Discoverer ROV,https://deepseacoraldata.noaa.gov/db-images/1043071.jpg
1043072,gorgonian coral,Chrysogorgia,Cnidaria,Anthozoa,Live,5.7,34.9,North Atlantic,Caribbean,Pinnacles south of St. Croix,4/27/15,19:40:52,"18.86003,-66.81350",926,EX1502L3_Dive 10,Deep Discoverer ROV,https://deepseacoraldata.noaa.gov/db-images/1043072.jpg
1043073,gorgonian coral,Keratoisididae,Cnidaria,Anthozoa,Live,5.7,34.9,North Atlantic,Caribbean,Pinnacles south of St. Croix,4/27/15,19:40:52,"18.86003,-66.81351",926,EX1502L3_Dive 10,Deep Discoverer ROV,https://deepseacoraldata.noaa.gov/db-images/1043073.jpg
1043074,gorgonian coral,Lepidisis,Cnidaria,Anthozoa,Live,5.7,34.9,North Atlantic,Caribbean,Pinnacles south of St. Croix,4/27/15,19:41:51,"18.86003,-66.81352",926,EX1502L3_Dive 10,Deep Discoverer ROV,https://deepseacoraldata.noaa.gov/db-images/1043074.jpg
1043075,glass sponge,Hyalonematidae,Porifera,Hexactinellida,Live,5.7,34.9,North Atlantic,Caribbean,Pinnacles south of St. Croix,4/27/15,19:41:51,"18.86003,-66.81353",926,EX1502L3_Dive 10,Deep Discoverer ROV,https://deepseacoraldata.noaa.gov/db-images/1043075.jpg
1043076,gorgonian coral,Paramuricea,Cnidaria,Anthozoa,Live,5.8,34.9,North Atlantic,Caribbean,Pinnacles south of St. Croix,4/27/15,19:46:21,"18.86003,-66.81354",923,EX1502L3_Dive 10,Deep Discoverer ROV,https://deepseacoraldata.noaa.gov/db-images/1043076.jpg
1043077,glass sponge,Hyalonematidae,Porifera,Hexactinellida,Live,5.8,34.9,North Atlantic,Caribbean,Pinnacles south of St. Croix,4/27/15,19:46:21,"18.86003,-66.81355",923,EX1502L3_Dive 10,Deep Discoverer ROV,https://deepseacoraldata.noaa.gov/db-images/1043077.jpg
1043078,gorgonian coral,Lepidisis,Cnidaria,Anthozoa,Live,5.8,34.9,North Atlantic,Caribbean,Pinnacles south of St. Croix,4/27/15,19:46:21,"18.86003,-66.81356",923,EX1502L3_Dive 10,Deep Discoverer ROV,https://deepseacoraldata.noaa.gov/db-images/1043078.jpg
1043079,gorgonian coral,Lepidisis,Cnidaria,Anthozoa,Live,5.8,34.9,North Atlantic,Caribbean,Pinnacles south of St. Croix,4/27/15,19:47:35,"18.86003,-66.81357",925,EX1502L3_Dive 10,Deep Discoverer ROV,https://deepseacoraldata.noaa.gov/db-images/1043079.jpg
1043080,gorgonian coral,Coralliidae,Cnidaria,Anthozoa,Live,5.8,34.9,North Atlantic,Caribbean,Pinnacles south of St. Croix,4/27/15,19:56:17,"18.86003,-66.81358",922,EX1502L3_Dive 10,Deep Discoverer ROV,https://deepseacoraldata.noaa.gov/db-images/1043080.jpg
1043081,gorgonian coral,Keratoisididae,Cnidaria,Anthozoa,Live,5.8,34.9,North Atlantic,Caribbean,Pinnacles south of St. Croix,4/27/15,19:56:17,"18.86003,-66.81359",922,EX1502L3_Dive 10,Deep Discoverer ROV,https://deepseacoraldata.noaa.gov/db-images/1043081.jpg
1043082,gorgonian coral,Paramuricea,Cnidaria,Anthozoa,Damaged,5.8,34.9,North Atlantic,Caribbean,Pinnacles south of St. Croix,4/27/15,19:56:17,"18.86003,-66.81360",922,EX1502L3_Dive 10,Deep Discoverer ROV,https://deepseacoraldata.noaa.gov/db-images/1043082.jpg
1043083,glass sponge,Hexactinellida,Porifera,Hexactinellida,Live,4.1,35,North Atlantic,Caribbean,Exocet Seamount,4/28/15,14:20:59,"18.86003,-66.81361",2812,EX1502L3_Dive 11,Deep Discoverer ROV,https://deepseacoraldata.noaa.gov/db-images/1043083.jpg
1043084,glass sponge,Hyalonematidae,Porifera,Hexactinellida,Live,4.1,35,North Atlantic,Caribbean,Exocet Seamount,4/28/15,14:23:41,"18.86003,-66.81362",2810,EX1502L3_Dive 11,Deep Discoverer ROV,https://deepseacoraldata.noaa.gov/db-images/1043084.jpg
1043085,glass sponge,Hyalonematidae,Porifera,Hexactinellida,Live,4.1,35,North Atlantic,Caribbean,Exocet Seamount,4/28/15,14:43:56,"18.86003,-66.81363",2776,EX1502L3_Dive 11,Deep Discoverer ROV,https://deepseacoraldata.noaa.gov/db-images/1043085.jpg
1043086,stony coral (cup coral),Scleractinia,Cnidaria,Anthozoa,Live,4.1,35,North Atlantic,Caribbean,Exocet Seamount,4/28/15,14:54:12,"18.86003,-66.81364",2768,EX1502L3_Dive 11,Deep Discoverer ROV,https://deepseacoraldata.noaa.gov/db-images/1043086.jpg
1043087,glass sponge,Hexactinellida,Porifera,Hexactinellida,Live,4.1,35,North Atlantic,Caribbean,Exocet Seamount,4/28/15,15:12:44,"18.86003,-66.81365",2741,EX1502L3_Dive 11,Deep Discoverer ROV,https://deepseacoraldata.noaa.gov/db-images/1043087.jpg
1043088,glass sponge,Hexactinellida,Porifera,Hexactinellida,Live,4.1,35,North Atlantic,Caribbean,Exocet Seamount,4/28/15,16:00:41,"18.86003,-66.81366",2656,EX1502L3_Dive 11,Deep Discoverer ROV,https://deepseacoraldata.noaa.gov/db-images/1043088.jpg
1043089,black coral,Antipatharia,Cnidaria,Anthozoa,Live,4.1,35,North Atlantic,Caribbean,Exocet Seamount,4/28/15,16:55:41,"18.86003,-66.81367",2561,EX1502L3_Dive 11,Deep Discoverer ROV,https://deepseacoraldata.noaa.gov/db-images/1043089.jpg
1043090,glass sponge,Hexactinellida,Porifera,Hexactinellida,Live,4.1,35,North Atlantic,Caribbean,Exocet Seamount,4/28/15,17:54:35,"18.86003,-66.81368",2516,EX1502L3_Dive 11,Deep Discoverer ROV,https://deepseacoraldata.noaa.gov/db-images/1043090.jpg
1043091,glass sponge,Hexactinellida,Porifera,Hexactinellida,Live,4,35,North Atlantic,Caribbean,Exocet Seamount,4/28/15,18:02:51,"18.86003,-66.81369",2492,EX1502L3_Dive 11,Deep Discoverer ROV,https://deepseacoraldata.noaa.gov/db-images/1043091.jpg
1043092,demosponge,Demospongiae,Porifera,Demospongiae,Live,4,35,North Atlantic,Caribbean,Exocet Seamount,4/28/15,18:22:11,"18.86003,-66.81370",2462,EX1502L3_Dive 11,Deep Discoverer ROV,https://deepseacoraldata.noaa.gov/db-images/1043092.jpg
1043093,gorgonian coral,Lepidisis,Cnidaria,Anthozoa,Live,4,35,North Atlantic,Caribbean,Exocet Seamount,4/28/15,18:24:06,"18.86003,-66.81371",2452,EX1502L3_Dive 11,Deep Discoverer ROV,https://deepseacoraldata.noaa.gov/db-images/1043093.jpg
1043094,gorgonian coral,Keratoisididae,Cnidaria,Anthozoa,Live,4.1,35,North Atlantic,Caribbean,Exocet Seamount,4/28/15,18:33:54,"18.86003,-66.81372",2436,EX1502L3_Dive 11,Deep Discoverer ROV,https://deepseacoraldata.noaa.gov/db-images/1043094.jpg
1043095,glass sponge,Hyalonematidae,Porifera,Hexactinellida,Live,4.5,35,North Atlantic,Caribbean,Whiting Seamount,4/29/15,12:33:47,"18.86003,-66.81373",1268,EX1502L3_Dive 12,Deep Discoverer ROV,https://deepseacoraldata.noaa.gov/db-images/1043095.jpg
1043096,black coral,Stichopathes,Cnidaria,Anthozoa,Live,4.6,35,North Atlantic,Caribbean,Whiting Seamount,4/29/15,12:45:43,"18.86003,-66.81374",1250,EX1502L3_Dive 12,Deep Discoverer ROV,https://deepseacoraldata.noaa.gov/db-images/1043096.jpg
1043097,glass sponge,Hyalonematidae,Porifera,Hexactinellida,Live,4.7,35,North Atlantic,Caribbean,Whiting Seamount,4/29/15,12:52:01,"18.86003,-66.81375",1217,EX1502L3_Dive 12,Deep Discoverer ROV,https://deepseacoraldata.noaa.gov/db-images/1043097.jpg
1043098,demosponge,Demospongiae,Porifera,Demospongiae,Live,4.7,35,North Atlantic,Caribbean,Whiting Seamount,4/29/15,12:58:54,"18.86003,-66.81376",1188,EX1502L3_Dive 12,Deep Discoverer ROV,https://deepseacoraldata.noaa.gov/db-images/1043098.jpg
1043099,black coral,Stichopathes,Cnidaria,Anthozoa,Live,4.7,35,North Atlantic,Caribbean,Whiting Seamount,4/29/15,13:00:26,"18.86003,-66.81377",1184,EX1502L3_Dive 12,Deep Discoverer ROV,https://deepseacoraldata.noaa.gov/db-images/1043099.jpg
1043100,stony coral (branching),Lophelia pertusa,Cnidaria,Anthozoa,Live,4.7,35,North Atlantic,Caribbean,Whiting Seamount,4/29/15,13:02:17,"18.86003,-66.81378",1178,EX1502L3_Dive 12,Deep Discoverer ROV,https://deepseacoraldata.noaa.gov/db-images/1043100.jpg
1043101,glass sponge,Hyalonematidae,Porifera,Hexactinellida,Live,4.8,35,North Atlantic,Caribbean,Whiting Seamount,4/29/15,13:38:38,"18.86003,-66.81379",1120,EX1502L3_Dive 12,Deep Discoverer ROV,https://deepseacoraldata.noaa.gov/db-images/1043101.jpg
1043102,gorgonian coral,Keratoisididae,Cnidaria,Anthozoa,Live,4.9,35,North Atlantic,Caribbean,Whiting Seamount,4/29/15,13:51:34,"18.86003,-66.81380",1102,EX1502L3_Dive 12,Deep Discoverer ROV,https://deepseacoraldata.noaa.gov/db-images/1043102.jpg
1043103,glass sponge,Hexactinellida,Porifera,Hexactinellida,Live,5.3,34.9,North Atlantic,Caribbean,Whiting Seamount,4/29/15,14:45:17,"18.86003,-66.81381",1030,EX1502L3_Dive 12,Deep Discoverer ROV,https://deepseacoraldata.noaa.gov/db-images/1043103.jpg
1043104,black coral,Bathypathes,Cnidaria,Anthozoa,Live,5.3,34.9,North Atlantic,Caribbean,Whiting Seamount,4/29/15,14:46:44,"18.86003,-66.81382",1028,EX1502L3_Dive 12,Deep Discoverer ROV,https://deepseacoraldata.noaa.gov/db-images/1043104.jpg
1043105,gorgonian coral,Acanella,Cnidaria,Anthozoa,Live,5.4,34.9,North Atlantic,Caribbean,Whiting Seamount,4/29/15,14:48:03,"18.86003,-66.81383",1022,EX1502L3_Dive 12,Deep Discoverer ROV,https://deepseacoraldata.noaa.gov/db-images/1043105.jpg
1043107,glass sponge,Hyalonematidae,Porifera,Hexactinellida,Live,5.4,34.9,North Atlantic,Caribbean,Whiting Seamount,4/29/15,15:02:09,"18.86003,-66.81384",989,EX1502L3_Dive 12,Deep Discoverer ROV,https://deepseacoraldata.noaa.gov/db-images/1043107.jpg
1043108,lace coral,Stylasteridae,Cnidaria,Hydrozoa,Live,5.5,34.9,North Atlantic,Caribbean,Whiting Seamount,4/29/15,15:04:22,"18.86003,-66.81385",989,EX1502L3_Dive 12,Deep Discoverer ROV,https://deepseacoraldata.noaa.gov/db-images/1043108.jpg
1043109,gorgonian coral,Keratoisididae,Cnidaria,Anthozoa,Live,5.7,34.9,North Atlantic,Caribbean,Whiting Seamount,4/29/15,15:09:43,"18.86003,-66.81386",972,EX1502L3_Dive 12,Deep Discoverer ROV,https://deepseacoraldata.noaa.gov/db-images/1043109.jpg
1043110,gorgonian coral,Victorgorgia,Cnidaria,Anthozoa,Live,5.7,34.9,North Atlantic,Caribbean,Whiting Seamount,4/29/15,15:09:43,"18.86003,-66.81387",972,EX1502L3_Dive 12,Deep Discoverer ROV,https://deepseacoraldata.noaa.gov/db-images/1043110.jpg
1043111,glass sponge,Hexactinellida,Porifera,Hexactinellida,Live,6,34.9,North Atlantic,Caribbean,Whiting Seamount,4/29/15,15:42:20,"18.86003,-66.81388",924,EX1502L3_Dive 12,Deep Discoverer ROV,https://deepseacoraldata.noaa.gov/db-images/1043111.jpg
1043112,gorgonian coral,Keratoisididae,Cnidaria,Anthozoa,Live,6,34.9,North Atlantic,Caribbean,Whiting Seamount,4/29/15,15:47:21,"18.86003,-66.81389",916,EX1502L3_Dive 12,Deep Discoverer ROV,https://deepseacoraldata.noaa.gov/db-images/1043112.jpg
1043114,gorgonian coral,Chrysogorgia,Cnidaria,Anthozoa,Live,6.4,34.9,North Atlantic,Caribbean,Whiting Seamount,4/29/15,16:33:33,"18.86003,-66.81390",851,EX1502L3_Dive 12,Deep Discoverer ROV,https://deepseacoraldata.noaa.gov/db-images/1043114.jpg
1043115,gorgonian coral,Lepidisis,Cnidaria,Anthozoa,Live,6.5,34.9,North Atlantic,Caribbean,Whiting Seamount,4/29/15,16:35:35,"18.86003,-66.81391",841,EX1502L3_Dive 12,Deep Discoverer ROV,https://deepseacoraldata.noaa.gov/db-images/1043115.jpg
1043116,glass sponge,Hexactinellida,Porifera,Hexactinellida,Live,8.1,35,North Atlantic,Caribbean,Whiting Seamount,4/29/15,17:23:44,"18.86003,-66.81392",723,EX1502L3_Dive 12,Deep Discoverer ROV,https://deepseacoraldata.noaa.gov/db-images/1043116.jpg
1043117,glass sponge,Hyalonematidae,Porifera,Hexactinellida,Live,8.6,35.1,North Atlantic,Caribbean,Whiting Seamount,4/29/15,17:27:05,"18.86003,-66.81393",708,EX1502L3_Dive 12,Deep Discoverer ROV,https://deepseacoraldata.noaa.gov/db-images/1043117.jpg
1043118,stony coral (cup coral),Scleractinia,Cnidaria,Anthozoa,Live,9.3,35.2,North Atlantic,Caribbean,Whiting Seamount,4/29/15,17:48:26,"18.86003,-66.81394",666,EX1502L3_Dive 12,Deep Discoverer ROV,https://deepseacoraldata.noaa.gov/db-images/1043118.jpg
1043119,lace coral,Stylasteridae,Cnidaria,Hydrozoa,Live,10,35.3,North Atlantic,Caribbean,Whiting Seamount,4/29/15,17:58:51,"18.86003,-66.81395",633,EX1502L3_Dive 12,Deep Discoverer ROV,https://deepseacoraldata.noaa.gov/db-images/1043119.jpg
1043120,black coral,Antipatharia,Cnidaria,Anthozoa,Live,10.8,35.4,North Atlantic,Caribbean,Whiting Seamount,4/29/15,18:22:04,"18.86003,-66.81396",588,EX1502L3_Dive 12,Deep Discoverer ROV,https://deepseacoraldata.noaa.gov/db-images/1043120.jpg
1043121,gorgonian coral,Chrysogorgia,Cnidaria,Anthozoa,Live,10.7,35.4,North Atlantic,Caribbean,Whiting Seamount,4/29/15,18:38:12,"18.86003,-66.81397",581,EX1502L3_Dive 12,Deep Discoverer ROV,https://deepseacoraldata.noaa.gov/db-images/1043121.jpg
1043122,gorgonian coral,Paramuricea,Cnidaria,Anthozoa,Live,11,35.4,North Atlantic,Caribbean,Whiting Seamount,4/29/15,18:40:44,"18.86003,-66.81398",576,EX1502L3_Dive 12,Deep Discoverer ROV,https://deepseacoraldata.noaa.gov/db-images/1043122.jpg
1043123,black coral,Stichopathes,Cnidaria,Anthozoa,Live,12.9,35.7,North Atlantic,Caribbean,Whiting Seamount,4/29/15,19:49:17,"18.86003,-66.81399",509,EX1502L3_Dive 12,Deep Discoverer ROV,https://deepseacoraldata.noaa.gov/db-images/1043123.jpg
1043124,gorgonian coral,Plexauridae,Cnidaria,Anthozoa,Damaged,13,35.7,North Atlantic,Caribbean,Whiting Seamount,4/29/15,19:56:59,"18.86003,-66.81400",507,EX1502L3_Dive 12,Deep Discoverer ROV,https://deepseacoraldata.noaa.gov/db-images/1043124.jpg